bodyID	subject_name	object	subject_external_db	relation
5813061383	Delta7(PB15)_L1L9R8_R	adult intrinsic protocerebral bridge 18 glomeruli-3 glomeruli neuron	neuprint_JRC_Hemibrain_1point1	is_a
881221166	Delta7(PB15)_L1L9R8_R	adult intrinsic protocerebral bridge 18 glomeruli-3 glomeruli neuron	neuprint_JRC_Hemibrain_1point1	is_a
911574261	Delta7(PB15)_L1L9R8_R	adult intrinsic protocerebral bridge 18 glomeruli-3 glomeruli neuron	neuprint_JRC_Hemibrain_1point1	is_a
911911004	Delta7(PB15)_L1L9R8_R	adult intrinsic protocerebral bridge 18 glomeruli-3 glomeruli neuron	neuprint_JRC_Hemibrain_1point1	is_a
911919917	Delta7(PB15)_L1L9R8_R	adult intrinsic protocerebral bridge 18 glomeruli-3 glomeruli neuron	neuprint_JRC_Hemibrain_1point1	is_a
911470352	Delta7(PB15)_L2R7_R	adult intrinsic protocerebral bridge 18 glomeruli-glomeruli 7 and 2 neuron	neuprint_JRC_Hemibrain_1point1	is_a
911574041	Delta7(PB15)_L2R7_R	adult intrinsic protocerebral bridge 18 glomeruli-glomeruli 7 and 2 neuron	neuprint_JRC_Hemibrain_1point1	is_a
911578496	Delta7(PB15)_L2R7_R	adult intrinsic protocerebral bridge 18 glomeruli-glomeruli 7 and 2 neuron	neuprint_JRC_Hemibrain_1point1	is_a
911911699	Delta7(PB15)_L2R7_R	adult intrinsic protocerebral bridge 18 glomeruli-glomeruli 7 and 2 neuron	neuprint_JRC_Hemibrain_1point1	is_a
942522378	Delta7(PB15)_L2R7_R	adult intrinsic protocerebral bridge 18 glomeruli-glomeruli 7 and 2 neuron	neuprint_JRC_Hemibrain_1point1	is_a
911565419	Delta7(PB15)_L3R6_R	adult intrinsic protocerebral bridge 18 glomeruli-glomeruli 6 and 3 neuron	neuprint_JRC_Hemibrain_1point1	is_a
911906936	Delta7(PB15)_L3R6_R	adult intrinsic protocerebral bridge 18 glomeruli-glomeruli 6 and 3 neuron	neuprint_JRC_Hemibrain_1point1	is_a
910783961	Delta7(PB15)_L3R6_R	adult intrinsic protocerebral bridge 18 glomeruli-glomeruli 6 and 3 neuron	neuprint_JRC_Hemibrain_1point1	is_a
941469087	Delta7(PB15)_L3R6_R	adult intrinsic protocerebral bridge 18 glomeruli-glomeruli 6 and 3 neuron	neuprint_JRC_Hemibrain_1point1	is_a
880880259	Delta7(PB15)_L4R5_R	adult intrinsic protocerebral bridge 18 glomeruli-glomeruli 5 and 4 neuron	neuprint_JRC_Hemibrain_1point1	is_a
910442723	Delta7(PB15)_L4R5_R	adult intrinsic protocerebral bridge 18 glomeruli-glomeruli 5 and 4 neuron	neuprint_JRC_Hemibrain_1point1	is_a
911129339	Delta7(PB15)_L4R5_R	adult intrinsic protocerebral bridge 18 glomeruli-glomeruli 5 and 4 neuron	neuprint_JRC_Hemibrain_1point1	is_a
911134009	Delta7(PB15)_L4R5_R	adult intrinsic protocerebral bridge 18 glomeruli-glomeruli 5 and 4 neuron	neuprint_JRC_Hemibrain_1point1	is_a
911138168	Delta7(PB15)_L4R5_R	adult intrinsic protocerebral bridge 18 glomeruli-glomeruli 5 and 4 neuron	neuprint_JRC_Hemibrain_1point1	is_a
911901802	Delta7(PB15)_L4R6_R	adult intrinsic protocerebral bridge 18 glomeruli-2 glomeruli neuron	neuprint_JRC_Hemibrain_1point1	is_a
910442782	Delta7(PB15)_L4R6_R	adult intrinsic protocerebral bridge 18 glomeruli-2 glomeruli neuron	neuprint_JRC_Hemibrain_1point1	is_a
5813048042	Delta7(PB15)_L5R4_L	adult intrinsic protocerebral bridge 18 glomeruli-glomeruli 5 and 4 neuron	neuprint_JRC_Hemibrain_1point1	is_a
880530613	Delta7(PB15)_L5R4_L	adult intrinsic protocerebral bridge 18 glomeruli-glomeruli 5 and 4 neuron	neuprint_JRC_Hemibrain_1point1	is_a
880875736	Delta7(PB15)_L5R4_L	adult intrinsic protocerebral bridge 18 glomeruli-glomeruli 5 and 4 neuron	neuprint_JRC_Hemibrain_1point1	is_a
910796989	Delta7(PB15)_L5R4_L	adult intrinsic protocerebral bridge 18 glomeruli-glomeruli 5 and 4 neuron	neuprint_JRC_Hemibrain_1point1	is_a
910801332	Delta7(PB15)_L5R4_L	adult intrinsic protocerebral bridge 18 glomeruli-glomeruli 5 and 4 neuron	neuprint_JRC_Hemibrain_1point1	is_a
734581598	Delta7(PB15)_L6R3_L	adult intrinsic protocerebral bridge 18 glomeruli-glomeruli 6 and 3 neuron	neuprint_JRC_Hemibrain_1point1	is_a
911919044	Delta7(PB15)_L6R3_L	adult intrinsic protocerebral bridge 18 glomeruli-glomeruli 6 and 3 neuron	neuprint_JRC_Hemibrain_1point1	is_a
941482720	Delta7(PB15)_L6R3_L	adult intrinsic protocerebral bridge 18 glomeruli-glomeruli 6 and 3 neuron	neuprint_JRC_Hemibrain_1point1	is_a
941814787	Delta7(PB15)_L6R3_L	adult intrinsic protocerebral bridge 18 glomeruli-glomeruli 6 and 3 neuron	neuprint_JRC_Hemibrain_1point1	is_a
973959177	Delta7(PB15)_L6R3_L	adult intrinsic protocerebral bridge 18 glomeruli-glomeruli 6 and 3 neuron	neuprint_JRC_Hemibrain_1point1	is_a
911211196	Delta7(PB15)_L6R4_L	adult intrinsic protocerebral bridge 18 glomeruli-2 glomeruli neuron	neuprint_JRC_Hemibrain_1point1	is_a
911241750	Delta7(PB15)_L6R4_L	adult intrinsic protocerebral bridge 18 glomeruli-2 glomeruli neuron	neuprint_JRC_Hemibrain_1point1	is_a
1158747783	Delta7(PB15)_L7R2_L	adult intrinsic protocerebral bridge 18 glomeruli-glomeruli 7 and 2 neuron	neuprint_JRC_Hemibrain_1point1	is_a
912243353	Delta7(PB15)_L7R2_L	adult intrinsic protocerebral bridge 18 glomeruli-glomeruli 7 and 2 neuron	neuprint_JRC_Hemibrain_1point1	is_a
911129204	Delta7(PB15)_L7R2_L	adult intrinsic protocerebral bridge 18 glomeruli-glomeruli 7 and 2 neuron	neuprint_JRC_Hemibrain_1point1	is_a
941810314	Delta7(PB15)_L7R3_L	adult intrinsic protocerebral bridge 18 glomeruli-2 glomeruli neuron	neuprint_JRC_Hemibrain_1point1	is_a
911578595	Delta7(PB15)_L8R1R9_L	adult intrinsic protocerebral bridge 18 glomeruli-3 glomeruli neuron	neuprint_JRC_Hemibrain_1point1	is_a
911911193	Delta7(PB15)_L8R1R9_L	adult intrinsic protocerebral bridge 18 glomeruli-3 glomeruli neuron	neuprint_JRC_Hemibrain_1point1	is_a
910442752	Delta7(PB15)_L8R1R9_L	adult intrinsic protocerebral bridge 18 glomeruli-3 glomeruli neuron	neuprint_JRC_Hemibrain_1point1	is_a
910783731	Delta7(PB15)_L8R1R9_L	adult intrinsic protocerebral bridge 18 glomeruli-3 glomeruli neuron	neuprint_JRC_Hemibrain_1point1	is_a
910783883	Delta7(PB15)_L8R1R9_L	adult intrinsic protocerebral bridge 18 glomeruli-3 glomeruli neuron	neuprint_JRC_Hemibrain_1point1	is_a
1447576662	EPG(PB08)_L1	adult ellipsoid body-protocerebral bridge glomerulus 1-dorsal gall neuron	neuprint_JRC_Hemibrain_1point1	is_a
572870540	EPG(PB08)_L1	adult ellipsoid body-protocerebral bridge glomerulus 1-dorsal gall neuron	neuprint_JRC_Hemibrain_1point1	is_a
697001770	EPG(PB08)_L2	adult ellipsoid body-protocerebral bridge glomerulus 2-ventral gall neuron	neuprint_JRC_Hemibrain_1point1	is_a
912545106	EPG(PB08)_L2	adult ellipsoid body-protocerebral bridge glomerulus 3-dorsal gall neuron	neuprint_JRC_Hemibrain_1point1	is_a
387364605	EPG(PB08)_L3	adult ellipsoid body-protocerebral bridge glomerulus 3-dorsal gall neuron	neuprint_JRC_Hemibrain_1point1	is_a
449438847	EPG(PB08)_L3	adult ellipsoid body-protocerebral bridge glomerulus 3-dorsal gall neuron	neuprint_JRC_Hemibrain_1point1	is_a
758419409	EPG(PB08)_L3	adult ellipsoid body-protocerebral bridge glomerulus 3-dorsal gall neuron	neuprint_JRC_Hemibrain_1point1	is_a
5813022281	EPG(PB08)_L4	adult ellipsoid body-protocerebral bridge glomerulus 4-ventral gall neuron	neuprint_JRC_Hemibrain_1point1	is_a
634962055	EPG(PB08)_L4	adult ellipsoid body-protocerebral bridge glomerulus 4-ventral gall neuron	neuprint_JRC_Hemibrain_1point1	is_a
665314820	EPG(PB08)_L4	adult ellipsoid body-protocerebral bridge glomerulus 4-ventral gall neuron	neuprint_JRC_Hemibrain_1point1	is_a
696362840	EPG(PB08)_L5	adult ellipsoid body-protocerebral bridge glomerulus 5-dorsal gall neuron	neuprint_JRC_Hemibrain_1point1	is_a
789126240	EPG(PB08)_L5	adult ellipsoid body-protocerebral bridge glomerulus 5-dorsal gall neuron	neuprint_JRC_Hemibrain_1point1	is_a
819828986	EPG(PB08)_L5	adult ellipsoid body-protocerebral bridge glomerulus 5-dorsal gall neuron	neuprint_JRC_Hemibrain_1point1	is_a
541870397	EPG(PB08)_L6	adult ellipsoid body-protocerebral bridge glomerulus 6-ventral gall neuron	neuprint_JRC_Hemibrain_1point1	is_a
788794171	EPG(PB08)_L6	adult ellipsoid body-protocerebral bridge glomerulus 6-ventral gall neuron	neuprint_JRC_Hemibrain_1point1	is_a
912601268	EPG(PB08)_L6	adult ellipsoid body-protocerebral bridge glomerulus 6-ventral gall neuron	neuprint_JRC_Hemibrain_1point1	is_a
1004017998	EPG(PB08)_L7	adult ellipsoid body-protocerebral bridge glomerulus 7-dorsal gall neuron	neuprint_JRC_Hemibrain_1point1	is_a
1035045015	EPG(PB08)_L7	adult ellipsoid body-protocerebral bridge glomerulus 7-dorsal gall neuron	neuprint_JRC_Hemibrain_1point1	is_a
5813012006	EPG(PB08)_L7	adult ellipsoid body-protocerebral bridge glomerulus 7-dorsal gall neuron	neuprint_JRC_Hemibrain_1point1	is_a
1065410141	EPG(PB08)_L8	adult ellipsoid body-protocerebral bridge glomerulus 8-ventral gall neuron	neuprint_JRC_Hemibrain_1point1	is_a
1127476096	EPG(PB08)_L8	adult ellipsoid body-protocerebral bridge glomerulus 8-ventral gall neuron	neuprint_JRC_Hemibrain_1point1	is_a
1167995070	EPG(PB08)_L8	adult ellipsoid body-protocerebral bridge glomerulus 8-ventral gall neuron	neuprint_JRC_Hemibrain_1point1	is_a
1168664495	EPG(PB08)_L8	adult ellipsoid body-protocerebral bridge glomerulus 8-ventral gall neuron	neuprint_JRC_Hemibrain_1point1	is_a
5813077544	EPG(PB08)_R1	adult ellipsoid body-protocerebral bridge glomerulus 1-dorsal gall neuron	neuprint_JRC_Hemibrain_1point1	is_a
5813014873	EPG(PB08)_R1	adult ellipsoid body-protocerebral bridge glomerulus 1-dorsal gall neuron	neuprint_JRC_Hemibrain_1point1	is_a
632544268	EPG(PB08)_R2	adult ellipsoid body-protocerebral bridge glomerulus 2-ventral gall neuron	neuprint_JRC_Hemibrain_1point1	is_a
695629525	EPG(PB08)_R2	adult ellipsoid body-protocerebral bridge glomerulus 2-ventral gall neuron	neuprint_JRC_Hemibrain_1point1	is_a
478375456	EPG(PB08)_R3	adult ellipsoid body-protocerebral bridge glomerulus 3-dorsal gall neuron	neuprint_JRC_Hemibrain_1point1	is_a
541118908	EPG(PB08)_R3	adult ellipsoid body-protocerebral bridge glomerulus 3-dorsal gall neuron	neuprint_JRC_Hemibrain_1point1	is_a
5813080838	EPG(PB08)_R3	adult ellipsoid body-protocerebral bridge glomerulus 3-dorsal gall neuron	neuprint_JRC_Hemibrain_1point1	is_a
416642425	EPG(PB08)_R4	adult ellipsoid body-protocerebral bridge glomerulus 4-ventral gall neuron	neuprint_JRC_Hemibrain_1point1	is_a
633546217	EPG(PB08)_R4	adult ellipsoid body-protocerebral bridge glomerulus 4-ventral gall neuron	neuprint_JRC_Hemibrain_1point1	is_a
695956656	EPG(PB08)_R4	adult ellipsoid body-protocerebral bridge glomerulus 4-ventral gall neuron	neuprint_JRC_Hemibrain_1point1	is_a
5813027103	EPG(PB08)_R5	adult ellipsoid body-protocerebral bridge glomerulus 5-dorsal gall neuron	neuprint_JRC_Hemibrain_1point1	is_a
694920753	EPG(PB08)_R5	adult ellipsoid body-protocerebral bridge glomerulus 5-dorsal gall neuron	neuprint_JRC_Hemibrain_1point1	is_a
725951521	EPG(PB08)_R5	adult ellipsoid body-protocerebral bridge glomerulus 5-dorsal gall neuron	neuprint_JRC_Hemibrain_1point1	is_a
910438331	EPG(PB08)_R6	adult ellipsoid body-protocerebral bridge glomerulus 6-ventral gall neuron	neuprint_JRC_Hemibrain_1point1	is_a
941132434	EPG(PB08)_R6	adult ellipsoid body-protocerebral bridge glomerulus 6-ventral gall neuron	neuprint_JRC_Hemibrain_1point1	is_a
942491983	EPG(PB08)_R6	adult ellipsoid body-protocerebral bridge glomerulus 6-ventral gall neuron	neuprint_JRC_Hemibrain_1point1	is_a
1002507159	EPG(PB08)_R7	adult ellipsoid body-protocerebral bridge glomerulus 7-dorsal gall neuron	neuprint_JRC_Hemibrain_1point1	is_a
1002852791	EPG(PB08)_R7	adult ellipsoid body-protocerebral bridge glomerulus 7-dorsal gall neuron	neuprint_JRC_Hemibrain_1point1	is_a
1034219901	EPG(PB08)_R7	adult ellipsoid body-protocerebral bridge glomerulus 7-dorsal gall neuron	neuprint_JRC_Hemibrain_1point1	is_a
1125964814	EPG(PB08)_R8	adult ellipsoid body-protocerebral bridge glomerulus 8-ventral gall neuron	neuprint_JRC_Hemibrain_1point1	is_a
1126647624	EPG(PB08)_R8	adult ellipsoid body-protocerebral bridge glomerulus 8-ventral gall neuron	neuprint_JRC_Hemibrain_1point1	is_a
5813061251	EPG(PB08)_R8	adult ellipsoid body-protocerebral bridge glomerulus 8-ventral gall neuron	neuprint_JRC_Hemibrain_1point1	is_a
5813040233	EPG(PB08)_R8	adult ellipsoid body-protocerebral bridge glomerulus 8-ventral gall neuron	neuprint_JRC_Hemibrain_1point1	is_a
1168660239	EPGt(PB09)_L9	adult ellipsoid body-protocerebral bridge glomerulus 9-gall tip neuron	neuprint_JRC_Hemibrain_1point1	is_a
1168664447	EPGt(PB09)_L9	adult ellipsoid body-protocerebral bridge glomerulus 9-gall tip neuron	neuprint_JRC_Hemibrain_1point1	is_a
1168659995	EPGt(PB09)_R9	adult ellipsoid body-protocerebral bridge glomerulus 9-gall tip neuron	neuprint_JRC_Hemibrain_1point1	is_a
1219069439	EPGt(PB09)_R9	adult ellipsoid body-protocerebral bridge glomerulus 9-gall tip neuron	neuprint_JRC_Hemibrain_1point1	is_a
1128088594	PEG(PB07)_L1	adult protocerebral bridge glomerulus 1-ellipsoid body tile-dorsal gall neuron	neuprint_JRC_Hemibrain_1point1	is_a
1190171884	PEG(PB07)_L2	adult protocerebral bridge glomerulus 2-ellipsoid body tile-ventral gall neuron	neuprint_JRC_Hemibrain_1point1	is_a
974300015	PEG(PB07)_L3	adult protocerebral bridge glomerulus 3-ellipsoid body tile-dorsal gall neuron	neuprint_JRC_Hemibrain_1point1	is_a
942587380	PEG(PB07)_L4	adult protocerebral bridge glomerulus 4-ellipsoid body tile-ventral gall neuron	neuprint_JRC_Hemibrain_1point1	is_a
880875861	PEG(PB07)_L5	adult protocerebral bridge glomerulus 5-ellipsoid body tile-dorsal gall neuron	neuprint_JRC_Hemibrain_1point1	is_a
881898734	PEG(PB07)_L6	adult protocerebral bridge glomerulus 6-ellipsoid body tile-ventral gall neuron	neuprint_JRC_Hemibrain_1point1	is_a
1004014587	PEG(PB07)_L7	adult protocerebral bridge glomerulus 7-ellipsoid body tile-dorsal gall neuron	neuprint_JRC_Hemibrain_1point1	is_a
1065409934	PEG(PB07)_L8	adult protocerebral bridge glomerulus 8-ellipsoid body tile-ventral gall neuron	neuprint_JRC_Hemibrain_1point1	is_a
1199677638	PEG(PB07)_L9	adult protocerebral bridge glomerulus 9-ellipsoid body tile-dorsal gall neuron	neuprint_JRC_Hemibrain_1point1	is_a
848761388	PEG(PB07)_R1	adult protocerebral bridge glomerulus 1-ellipsoid body tile-dorsal gall neuron	neuprint_JRC_Hemibrain_1point1	is_a
972555509	PEG(PB07)_R2	adult protocerebral bridge glomerulus 2-ellipsoid body tile-ventral gall neuron	neuprint_JRC_Hemibrain_1point1	is_a
974239375	PEG(PB07)_R3	adult protocerebral bridge glomerulus 3-ellipsoid body tile-dorsal gall neuron	neuprint_JRC_Hemibrain_1point1	is_a
942173776	PEG(PB07)_R4	adult protocerebral bridge glomerulus 4-ellipsoid body tile-ventral gall neuron	neuprint_JRC_Hemibrain_1point1	is_a
5813014882	PEG(PB07)_R5	adult protocerebral bridge glomerulus 5-ellipsoid body tile-dorsal gall neuron	neuprint_JRC_Hemibrain_1point1	is_a
912147912	PEG(PB07)_R6	adult protocerebral bridge glomerulus 6-ellipsoid body tile-ventral gall neuron	neuprint_JRC_Hemibrain_1point1	is_a
1002848661	PEG(PB07)_R7	adult protocerebral bridge glomerulus 7-ellipsoid body tile-dorsal gall neuron	neuprint_JRC_Hemibrain_1point1	is_a
5813059834	PEG(PB07)_R8	adult protocerebral bridge glomerulus 8-ellipsoid body tile-ventral gall neuron	neuprint_JRC_Hemibrain_1point1	is_a
1125969082	PEG(PB07)_R9	adult protocerebral bridge glomerulus 9-ellipsoid body tile-dorsal gall neuron	neuprint_JRC_Hemibrain_1point1	is_a
634608104	PEN_a(PB06a)_L2	adult protocerebral bridge glomerulus 2-ellipsoid body tile-nodulus 1 neuron 1	neuprint_JRC_Hemibrain_1point1	is_a
1508334312	PEN_a(PB06a)_L3	adult protocerebral bridge glomerulus 3-ellipsoid body tile-nodulus 1 neuron 1	neuprint_JRC_Hemibrain_1point1	is_a
757055317	PEN_a(PB06a)_L4	adult protocerebral bridge glomerulus 4-ellipsoid body tile-nodulus 1 neuron 1	neuprint_JRC_Hemibrain_1point1	is_a
849482511	PEN_a(PB06a)_L4	adult protocerebral bridge glomerulus 4-ellipsoid body tile-nodulus 1 neuron 1	neuprint_JRC_Hemibrain_1point1	is_a
5813080979	PEN_a(PB06a)_L5	adult protocerebral bridge glomerulus 5-ellipsoid body tile-nodulus 1 neuron 1	neuprint_JRC_Hemibrain_1point1	is_a
1380495496	PEN_a(PB06a)_L6	adult protocerebral bridge glomerulus 6-ellipsoid body tile-nodulus 1 neuron 1	neuprint_JRC_Hemibrain_1point1	is_a
664645558	PEN_a(PB06a)_L6	adult protocerebral bridge glomerulus 6-ellipsoid body tile-nodulus 1 neuron 1	neuprint_JRC_Hemibrain_1point1	is_a
508793049	PEN_a(PB06a)_L7	adult protocerebral bridge glomerulus 7-ellipsoid body tile-nodulus 1 neuron 1	neuprint_JRC_Hemibrain_1point1	is_a
1127471692	PEN_a(PB06a)_L8	adult protocerebral bridge glomerulus 8-ellipsoid body tile-nodulus 1 neuron 1	neuprint_JRC_Hemibrain_1point1	is_a
1220576923	PEN_a(PB06a)_L9	adult protocerebral bridge glomerulus 9-ellipsoid body tile-nodulus 1 neuron 1	neuprint_JRC_Hemibrain_1point1	is_a
972892437	PEN_a(PB06a)_R2	adult protocerebral bridge glomerulus 2-ellipsoid body tile-nodulus 1 neuron 1	neuprint_JRC_Hemibrain_1point1	is_a
570461892	PEN_a(PB06a)_R3	adult protocerebral bridge glomerulus 3-ellipsoid body tile-nodulus 1 neuron 1	neuprint_JRC_Hemibrain_1point1	is_a
509410587	PEN_a(PB06a)_R4	adult protocerebral bridge glomerulus 4-ellipsoid body tile-nodulus 1 neuron 1	neuprint_JRC_Hemibrain_1point1	is_a
5813056953	PEN_a(PB06a)_R4	adult protocerebral bridge glomerulus 4-ellipsoid body tile-nodulus 1 neuron 1	neuprint_JRC_Hemibrain_1point1	is_a
910447075	PEN_a(PB06a)_R5	adult protocerebral bridge glomerulus 5-ellipsoid body tile-nodulus 1 neuron 1	neuprint_JRC_Hemibrain_1point1	is_a
663190769	PEN_a(PB06a)_R6	adult protocerebral bridge glomerulus 6-ellipsoid body tile-nodulus 1 neuron 1	neuprint_JRC_Hemibrain_1point1	is_a
847336755	PEN_a(PB06a)_R6	adult protocerebral bridge glomerulus 6-ellipsoid body tile-nodulus 1 neuron 1	neuprint_JRC_Hemibrain_1point1	is_a
1002507131	PEN_a(PB06a)_R7	adult protocerebral bridge glomerulus 7-ellipsoid body tile-nodulus 1 neuron 1	neuprint_JRC_Hemibrain_1point1	is_a
1125964630	PEN_a(PB06a)_R8	adult protocerebral bridge glomerulus 8-ellipsoid body tile-nodulus 1 neuron 1	neuprint_JRC_Hemibrain_1point1	is_a
1218732640	PEN_a(PB06a)_R9	adult protocerebral bridge glomerulus 9-ellipsoid body tile-nodulus 1 neuron 1	neuprint_JRC_Hemibrain_1point1	is_a
5813047157	PEN_b(PB06b)_L2	adult protocerebral bridge glomerulus 2-ellipsoid body tile-nodulus 1 neuron 2	neuprint_JRC_Hemibrain_1point1	is_a
5813070465	PEN_b(PB06b)_L3	adult protocerebral bridge glomerulus 3-ellipsoid body tile-nodulus 1 neuron 2	neuprint_JRC_Hemibrain_1point1	is_a
387023620	PEN_b(PB06b)_L4	adult protocerebral bridge glomerulus 4-ellipsoid body tile-nodulus 1 neuron 2	neuprint_JRC_Hemibrain_1point1	is_a
539462336	PEN_b(PB06b)_L4	adult protocerebral bridge glomerulus 4-ellipsoid body tile-nodulus 1 neuron 2	neuprint_JRC_Hemibrain_1point1	is_a
1631450739	PEN_b(PB06b)_L5	adult protocerebral bridge glomerulus 5-ellipsoid body tile-nodulus 1 neuron 2	neuprint_JRC_Hemibrain_1point1	is_a
664650297	PEN_b(PB06b)_L6	adult protocerebral bridge glomerulus 6-ellipsoid body tile-nodulus 1 neuron 2	neuprint_JRC_Hemibrain_1point1	is_a
879183317	PEN_b(PB06b)_L6	adult protocerebral bridge glomerulus 6-ellipsoid body tile-nodulus 1 neuron 2	neuprint_JRC_Hemibrain_1point1	is_a
1318109929	PEN_b(PB06b)_L7	adult protocerebral bridge glomerulus 7-ellipsoid body tile-nodulus 1 neuron 2	neuprint_JRC_Hemibrain_1point1	is_a
1353544607	PEN_b(PB06b)_L8	adult protocerebral bridge glomerulus 8-ellipsoid body tile-nodulus 1 neuron 2	neuprint_JRC_Hemibrain_1point1	is_a
1220584946	PEN_b(PB06b)_L9	adult protocerebral bridge glomerulus 9-ellipsoid body tile-nodulus 1 neuron 2	neuprint_JRC_Hemibrain_1point1	is_a
1600083889	PEN_b(PB06b)_L9	adult protocerebral bridge glomerulus 9-ellipsoid body tile-nodulus 1 neuron 2	neuprint_JRC_Hemibrain_1point1	is_a
724280817	PEN_b(PB06b)_R2	adult protocerebral bridge glomerulus 2-ellipsoid body tile-nodulus 1 neuron 2	neuprint_JRC_Hemibrain_1point1	is_a
973566036	PEN_b(PB06b)_R3	adult protocerebral bridge glomerulus 3-ellipsoid body tile-nodulus 1 neuron 2	neuprint_JRC_Hemibrain_1point1	is_a
569775058	PEN_b(PB06b)_R4	adult protocerebral bridge glomerulus 4-ellipsoid body tile-nodulus 1 neuron 2	neuprint_JRC_Hemibrain_1point1	is_a
663562172	PEN_b(PB06b)_R4	adult protocerebral bridge glomerulus 4-ellipsoid body tile-nodulus 1 neuron 2	neuprint_JRC_Hemibrain_1point1	is_a
849421763	PEN_b(PB06b)_R5	adult protocerebral bridge glomerulus 5-ellipsoid body tile-nodulus 1 neuron 2	neuprint_JRC_Hemibrain_1point1	is_a
1197993940	PEN_b(PB06b)_R6	adult protocerebral bridge glomerulus 6-ellipsoid body tile-nodulus 1 neuron 2	neuprint_JRC_Hemibrain_1point1	is_a
941123755	PEN_b(PB06b)_R6	adult protocerebral bridge glomerulus 6-ellipsoid body tile-nodulus 1 neuron 2	neuprint_JRC_Hemibrain_1point1	is_a
693755250	PEN_b(PB06b)_R7	adult protocerebral bridge glomerulus 7-ellipsoid body tile-nodulus 1 neuron 2	neuprint_JRC_Hemibrain_1point1	is_a
1062526223	PEN_b(PB06b)_R8	adult protocerebral bridge glomerulus 8-ellipsoid body tile-nodulus 1 neuron 2	neuprint_JRC_Hemibrain_1point1	is_a
1218728570	PEN_b(PB06b)_R9	adult protocerebral bridge glomerulus 9-ellipsoid body tile-nodulus 1 neuron 2	neuprint_JRC_Hemibrain_1point1	is_a
1601771527	PEN_b(PB06b)_R9	adult protocerebral bridge glomerulus 9-ellipsoid body tile-nodulus 1 neuron 2	neuprint_JRC_Hemibrain_1point1	is_a
1198749960	PFGs(PB10)_L1_C9_irreg	PB slice 1-FB layers 3 and 6-ventral gall neuron	neuprint_JRC_Hemibrain_1point1	is_a
726352774	PFGs(PB10)_L4_C4	PB slice 3-FB layers 3 and 6-ventral gall neuron	neuprint_JRC_Hemibrain_1point1	is_a
1133890586	PFGs(PB10)_L5_C5	PB slice 4-FB layers 3 and 6-ventral gall neuron	neuprint_JRC_Hemibrain_1point1	is_a
1136273393	PFGs(PB10)_L7_C7	PB slice 6-FB layers 3 and 6-ventral gall neuron	neuprint_JRC_Hemibrain_1point1	is_a
1189891402	PFGs(PB10)_L8_C8	PB slice 7-FB layers 3 and 6-ventral gall neuron	neuprint_JRC_Hemibrain_1point1	is_a
1200027441	PFGs(PB10)_L9_C9	PB slice 8-FB layers 3 and 6-ventral gall neuron	neuprint_JRC_Hemibrain_1point1	is_a
664943511	PFGs(PB10)_R1_C1_irreg	PB slice 1-FB layers 3 and 6-ventral gall neuron	neuprint_JRC_Hemibrain_1point1	is_a
5813010807	PFGs(PB10)_R4_C6	PB slice 3-FB layers 3 and 6-ventral gall neuron	neuprint_JRC_Hemibrain_1point1	is_a
884916660	PFGs(PB10)_R5_C5	PB slice 4-FB layers 3 and 6-ventral gall neuron	neuprint_JRC_Hemibrain_1point1	is_a
1033887446	PFGs(PB10)_R7_C3	PB slice 6-FB layers 3 and 6-ventral gall neuron	neuprint_JRC_Hemibrain_1point1	is_a
1103810192	PFGs(PB10)_R8_C2	PB slice 7-FB layers 3 and 6-ventral gall neuron	neuprint_JRC_Hemibrain_1point1	is_a
1136204852	PFGs(PB10)_R9_C1	PB slice 8-FB layers 3 and 6-ventral gall neuron	neuprint_JRC_Hemibrain_1point1	is_a
1128092885	PFL1(PB12a)_L1_C8_irreg	PB slice 1-FB layer 2-IDFP HB-lateral ipsilateral neuron	neuprint_JRC_Hemibrain_1point1	is_a
481121605	PFL1(PB12a)_L2_C3	PB slice 1-FB layer 2-IDFP HB-lateral neuron	neuprint_JRC_Hemibrain_1point1	is_a
1292423935	PFL1(PB12a)_L3_C4	PB slice 2-FB layer 2-IDFP HB-lateral neuron	neuprint_JRC_Hemibrain_1point1	is_a
5813041365	PFL1(PB12a)_L4_C5	PB slice 3-FB layer 2-IDFP HB-lateral neuron	neuprint_JRC_Hemibrain_1point1	is_a
911565319	PFL1(PB12a)_L5_C6	PB slice 4-FB layer 2-IDFP HB-lateral neuron	neuprint_JRC_Hemibrain_1point1	is_a
911578483	PFL1(PB12a)_L6_C7	PB slice 5-FB layer 2-IDFP HB-lateral neuron	neuprint_JRC_Hemibrain_1point1	is_a
1003672766	PFL1(PB12a)_L7_C9	PB slice 6-FB layer 2-IDFP HB-lateral neuron	neuprint_JRC_Hemibrain_1point1	is_a
882533209	PFL1(PB12a)_R1_C2_irreg	PB slice 1-FB layer 2-IDFP HB-lateral ipsilateral neuron	neuprint_JRC_Hemibrain_1point1	is_a
1097718901	PFL1(PB12a)_R2_C7	PB slice 1-FB layer 2-IDFP HB-lateral neuron	neuprint_JRC_Hemibrain_1point1	is_a
881458181	PFL1(PB12a)_R3_C6	PB slice 2-FB layer 2-IDFP HB-lateral neuron	neuprint_JRC_Hemibrain_1point1	is_a
881458145	PFL1(PB12a)_R4_C5	PB slice 3-FB layer 2-IDFP HB-lateral neuron	neuprint_JRC_Hemibrain_1point1	is_a
910787992	PFL1(PB12a)_R5_C4	PB slice 4-FB layer 2-IDFP HB-lateral neuron	neuprint_JRC_Hemibrain_1point1	is_a
941123943	PFL1(PB12a)_R6_C3	PB slice 5-FB layer 2-IDFP HB-lateral neuron	neuprint_JRC_Hemibrain_1point1	is_a
1002507170	PFL1(PB12a)_R7_C1	PB slice 6-FB layer 2-IDFP HB-lateral neuron	neuprint_JRC_Hemibrain_1point1	is_a
1381484065	PFL2(PB12b)_L2_C6	PB slice 1-FB layers 1 to 4-bilateral IDFP HB-medial neuron	neuprint_JRC_Hemibrain_1point1	is_a
850194651	PFL2(PB12b)_L4_C8	PB slice 3-FB layers 1 to 4-bilateral IDFP HB-medial neuron	neuprint_JRC_Hemibrain_1point1	is_a
916284630	PFL2(PB12b)_R2_C4	PB slice 1-FB layers 1 to 4-bilateral IDFP HB-medial neuron	neuprint_JRC_Hemibrain_1point1	is_a
1167282562	PFL2(PB12b)_R4_C2	PB slice 3-FB layers 1 to 4-bilateral IDFP HB-medial neuron	neuprint_JRC_Hemibrain_1point1	is_a
1258686925	PFL3(PB12c)_L2_C4	PB slice 2-FB layers 1 to 4-IDFP HB-medial neuron	neuprint_JRC_Hemibrain_1point1	is_a
757694775	PFL3(PB12c)_L2_C9_irreg	PB slice 2-FB layers 1 to 4-IDFP HB-medial ipsilateral neuron	neuprint_JRC_Hemibrain_1point1	is_a
850855138	PFL3(PB12c)_L3_C5	PB slice 3-FB layers 1 to 4-IDFP HB-medial neuron	neuprint_JRC_Hemibrain_1point1	is_a
912925080	PFL3(PB12c)_L3_C5	PB slice 3-FB layers 1 to 4-IDFP HB-medial neuron	neuprint_JRC_Hemibrain_1point1	is_a
789130596	PFL3(PB12c)_L4_C6	PB slice 4-FB layers 1 to 4-IDFP HB-medial neuron	neuprint_JRC_Hemibrain_1point1	is_a
880875927	PFL3(PB12c)_L5_C7	PB slice 5-FB layers 1 to 4-IDFP HB-medial neuron	neuprint_JRC_Hemibrain_1point1	is_a
911569552	PFL3(PB12c)_L5_C7	PB slice 5-FB layers 1 to 4-IDFP HB-medial neuron	neuprint_JRC_Hemibrain_1point1	is_a
941939879	PFL3(PB12c)_L6_C8	PB slice 6-FB layers 1 to 4-IDFP HB-medial neuron	neuprint_JRC_Hemibrain_1point1	is_a
1004700437	PFL3(PB12c)_L7_C9	PB slice 7-FB layers 1 to 4-IDFP HB-medial neuron	neuprint_JRC_Hemibrain_1point1	is_a
666994301	PFL3(PB12c)_R2_C1_irreg	PB slice 2-FB layers 1 to 4-IDFP HB-medial ipsilateral neuron	neuprint_JRC_Hemibrain_1point1	is_a
1097718659	PFL3(PB12c)_R2_C6	PB slice 2-FB layers 1 to 4-IDFP HB-medial neuron	neuprint_JRC_Hemibrain_1point1	is_a
1008028537	PFL3(PB12c)_R3_C5	PB slice 3-FB layers 1 to 4-IDFP HB-medial neuron	neuprint_JRC_Hemibrain_1point1	is_a
912488890	PFL3(PB12c)_R3_C5	PB slice 3-FB layers 1 to 4-IDFP HB-medial neuron	neuprint_JRC_Hemibrain_1point1	is_a
942172835	PFL3(PB12c)_R4_C4	PB slice 4-FB layers 1 to 4-IDFP HB-medial neuron	neuprint_JRC_Hemibrain_1point1	is_a
910447181	PFL3(PB12c)_R5_C3	PB slice 5-FB layers 1 to 4-IDFP HB-medial neuron	neuprint_JRC_Hemibrain_1point1	is_a
911134017	PFL3(PB12c)_R5_C3	PB slice 5-FB layers 1 to 4-IDFP HB-medial neuron	neuprint_JRC_Hemibrain_1point1	is_a
941132430	PFL3(PB12c)_R6_C2	PB slice 6-FB layers 1 to 4-IDFP HB-medial neuron	neuprint_JRC_Hemibrain_1point1	is_a
1200032115	PFL3(PB12c)_R7_C1	PB slice 7-FB layers 1 to 4-IDFP HB-medial neuron	neuprint_JRC_Hemibrain_1point1	is_a
1537634396	PFNa(PB03)_L3_C2	PB slice 3-FB-NO3 anterior domain neuron	neuprint_JRC_Hemibrain_1point1	is_a
696336849	PFNa(PB03)_L3_C2	PB slice 3-FB-NO3 anterior domain neuron	neuprint_JRC_Hemibrain_1point1	is_a
478077561	PFNa(PB03)_L4_C3	PB slice 4-FB-NO3 anterior domain neuron	neuprint_JRC_Hemibrain_1point1	is_a
539810773	PFNa(PB03)_L4_C3	PB slice 4-FB-NO3 anterior domain neuron	neuprint_JRC_Hemibrain_1point1	is_a
540493022	PFNa(PB03)_L4_C3	PB slice 4-FB-NO3 anterior domain neuron	neuprint_JRC_Hemibrain_1point1	is_a
849832062	PFNa(PB03)_L4_C3	PB slice 4-FB-NO3 anterior domain neuron	neuprint_JRC_Hemibrain_1point1	is_a
880526477	PFNa(PB03)_L4_C3	PB slice 4-FB-NO3 anterior domain neuron	neuprint_JRC_Hemibrain_1point1	is_a
942254554	PFNa(PB03)_L4_C3	PB slice 4-FB-NO3 anterior domain neuron	neuprint_JRC_Hemibrain_1point1	is_a
569481415	PFNa(PB03)_L5_C4	PB slice 5-FB-NO3 anterior domain neuron	neuprint_JRC_Hemibrain_1point1	is_a
880185131	PFNa(PB03)_L5_C4	PB slice 5-FB-NO3 anterior domain neuron	neuprint_JRC_Hemibrain_1point1	is_a
1224936588	PFNa(PB03)_L6_C5	PB slice 6-FB-NO3 anterior domain neuron	neuprint_JRC_Hemibrain_1point1	is_a
1255638782	PFNa(PB03)_L6_C5	PB slice 6-FB-NO3 anterior domain neuron	neuprint_JRC_Hemibrain_1point1	is_a
601216096	PFNa(PB03)_L6_C5	PB slice 6-FB-NO3 anterior domain neuron	neuprint_JRC_Hemibrain_1point1	is_a
849844855	PFNa(PB03)_L6_C5	PB slice 6-FB-NO3 anterior domain neuron	neuprint_JRC_Hemibrain_1point1	is_a
848817674	PFNa(PB03)_L6_C5	PB slice 6-FB-NO3 anterior domain neuron	neuprint_JRC_Hemibrain_1point1	is_a
916974420	PFNa(PB03)_L6_C5	PB slice 6-FB-NO3 anterior domain neuron	neuprint_JRC_Hemibrain_1point1	is_a
570185174	PFNa(PB03)_L7_C6	PB slice 7-FB-NO3 anterior domain neuron	neuprint_JRC_Hemibrain_1point1	is_a
570518166	PFNa(PB03)_L7_C6	PB slice 7-FB-NO3 anterior domain neuron	neuprint_JRC_Hemibrain_1point1	is_a
941244280	PFNa(PB03)_L7_C6	PB slice 7-FB-NO3 anterior domain neuron	neuprint_JRC_Hemibrain_1point1	is_a
1412238418	PFNa(PB03)_L8_C7	PB slice 8-FB-NO3 anterior domain neuron	neuprint_JRC_Hemibrain_1point1	is_a
1443268440	PFNa(PB03)_L8_C7	PB slice 8-FB-NO3 anterior domain neuron	neuprint_JRC_Hemibrain_1point1	is_a
5813081686	PFNa(PB03)_L8_C7	PB slice 8-FB-NO3 anterior domain neuron	neuprint_JRC_Hemibrain_1point1	is_a
5813015999	PFNa(PB03)_L8_C8	PB slice 8-FB-NO3 anterior domain neuron	neuprint_JRC_Hemibrain_1point1	is_a
1032643905	PFNa(PB03)_L9_C9	PB slice 9-FB-NO3 anterior domain neuron	neuprint_JRC_Hemibrain_1point1	is_a
1187831582	PFNa(PB03)_L9_C9	PB slice 9-FB-NO3 anterior domain neuron	neuprint_JRC_Hemibrain_1point1	is_a
1251275120	PFNa(PB03)_L9_C9	PB slice 9-FB-NO3 anterior domain neuron	neuprint_JRC_Hemibrain_1point1	is_a
5813056934	PFNa(PB03)_R3_C8	PB slice 3-FB-NO3 anterior domain neuron	neuprint_JRC_Hemibrain_1point1	is_a
5813050000	PFNa(PB03)_R3_C8	PB slice 3-FB-NO3 anterior domain neuron	neuprint_JRC_Hemibrain_1point1	is_a
1411862814	PFNa(PB03)_R4_C7	PB slice 4-FB-NO3 anterior domain neuron	neuprint_JRC_Hemibrain_1point1	is_a
1443579770	PFNa(PB03)_R4_C7	PB slice 4-FB-NO3 anterior domain neuron	neuprint_JRC_Hemibrain_1point1	is_a
541119189	PFNa(PB03)_R4_C7	PB slice 4-FB-NO3 anterior domain neuron	neuprint_JRC_Hemibrain_1point1	is_a
663898692	PFNa(PB03)_R4_C7	PB slice 4-FB-NO3 anterior domain neuron	neuprint_JRC_Hemibrain_1point1	is_a
849763224	PFNa(PB03)_R4_C7	PB slice 4-FB-NO3 anterior domain neuron	neuprint_JRC_Hemibrain_1point1	is_a
972871918	PFNa(PB03)_R4_C7	PB slice 4-FB-NO3 anterior domain neuron	neuprint_JRC_Hemibrain_1point1	is_a
663558074	PFNa(PB03)_R5_C6	PB slice 5-FB-NO3 anterior domain neuron	neuprint_JRC_Hemibrain_1point1	is_a
879442155	PFNa(PB03)_R5_C6	PB slice 5-FB-NO3 anterior domain neuron	neuprint_JRC_Hemibrain_1point1	is_a
1224249917	PFNa(PB03)_R6_C5	PB slice 6-FB-NO3 anterior domain neuron	neuprint_JRC_Hemibrain_1point1	is_a
1224254476	PFNa(PB03)_R6_C5	PB slice 6-FB-NO3 anterior domain neuron	neuprint_JRC_Hemibrain_1point1	is_a
1255297613	PFNa(PB03)_R6_C5	PB slice 6-FB-NO3 anterior domain neuron	neuprint_JRC_Hemibrain_1point1	is_a
1286315568	PFNa(PB03)_R6_C5	PB slice 6-FB-NO3 anterior domain neuron	neuprint_JRC_Hemibrain_1point1	is_a
879748663	PFNa(PB03)_R6_C5	PB slice 6-FB-NO3 anterior domain neuron	neuprint_JRC_Hemibrain_1point1	is_a
941132270	PFNa(PB03)_R6_C5	PB slice 6-FB-NO3 anterior domain neuron	neuprint_JRC_Hemibrain_1point1	is_a
692852666	PFNa(PB03)_R7_C4	PB slice 7-FB-NO3 anterior domain neuron	neuprint_JRC_Hemibrain_1point1	is_a
909777910	PFNa(PB03)_R7_C4	PB slice 7-FB-NO3 anterior domain neuron	neuprint_JRC_Hemibrain_1point1	is_a
971506655	PFNa(PB03)_R7_C4	PB slice 7-FB-NO3 anterior domain neuron	neuprint_JRC_Hemibrain_1point1	is_a
1126310776	PFNa(PB03)_R8_C2	PB slice 8-FB-NO3 anterior domain neuron	neuprint_JRC_Hemibrain_1point1	is_a
1126301255	PFNa(PB03)_R8_C3	PB slice 8-FB-NO3 anterior domain neuron	neuprint_JRC_Hemibrain_1point1	is_a
1126310969	PFNa(PB03)_R8_C3	PB slice 8-FB-NO3 anterior domain neuron	neuprint_JRC_Hemibrain_1point1	is_a
1566644645	PFNa(PB03)_R8_C3	PB slice 8-FB-NO3 anterior domain neuron	neuprint_JRC_Hemibrain_1point1	is_a
1155652503	PFNa(PB03)_R9_C1	PB slice 9-FB-NO3 anterior domain neuron	neuprint_JRC_Hemibrain_1point1	is_a
1217385533	PFNa(PB03)_R9_C1	PB slice 9-FB-NO3 anterior domain neuron	neuprint_JRC_Hemibrain_1point1	is_a
1218728541	PFNa(PB03)_R9_C1	PB slice 9-FB-NO3 anterior domain neuron	neuprint_JRC_Hemibrain_1point1	is_a
758065781	PFNd(PB04)_L2_C1	PB slice 2-FB-NO2 dorsal domain neuron	neuprint_JRC_Hemibrain_1point1	is_a
974627674	PFNd(PB04)_L2_C1	PB slice 2-FB-NO2 dorsal domain neuron	neuprint_JRC_Hemibrain_1point1	is_a
697355847	PFNd(PB04)_L3_C2	PB slice 3-FB-NO2 dorsal domain neuron	neuprint_JRC_Hemibrain_1point1	is_a
881527223	PFNd(PB04)_L3_C2	PB slice 3-FB-NO2 dorsal domain neuron	neuprint_JRC_Hemibrain_1point1	is_a
633943192	PFNd(PB04)_L4_C3	PB slice 4-FB-NO2 dorsal domain neuron	neuprint_JRC_Hemibrain_1point1	is_a
695671851	PFNd(PB04)_L4_C3	PB slice 4-FB-NO2 dorsal domain neuron	neuprint_JRC_Hemibrain_1point1	is_a
819138239	PFNd(PB04)_L4_C3	PB slice 4-FB-NO2 dorsal domain neuron	neuprint_JRC_Hemibrain_1point1	is_a
911560974	PFNd(PB04)_L4_C3	PB slice 4-FB-NO2 dorsal domain neuron	neuprint_JRC_Hemibrain_1point1	is_a
446714544	PFNd(PB04)_L5_C4	PB slice 5-FB-NO2 dorsal domain neuron	neuprint_JRC_Hemibrain_1point1	is_a
632229278	PFNd(PB04)_L5_C4	PB slice 5-FB-NO2 dorsal domain neuron	neuprint_JRC_Hemibrain_1point1	is_a
663298610	PFNd(PB04)_L6_C5	PB slice 6-FB-NO2 dorsal domain neuron	neuprint_JRC_Hemibrain_1point1	is_a
757413552	PFNd(PB04)_L6_C5	PB slice 6-FB-NO2 dorsal domain neuron	neuprint_JRC_Hemibrain_1point1	is_a
788111826	PFNd(PB04)_L6_C5	PB slice 6-FB-NO2 dorsal domain neuron	neuprint_JRC_Hemibrain_1point1	is_a
880538997	PFNd(PB04)_L6_C5	PB slice 6-FB-NO2 dorsal domain neuron	neuprint_JRC_Hemibrain_1point1	is_a
5813014062	PFNd(PB04)_R2_C8	PB slice 2-FB-NO2 dorsal domain neuron	neuprint_JRC_Hemibrain_1point1	is_a
911504643	PFNd(PB04)_R2_C8	PB slice 2-FB-NO2 dorsal domain neuron	neuprint_JRC_Hemibrain_1point1	is_a
786013801	PFNd(PB04)_R3_C7	PB slice 3-FB-NO2 dorsal domain neuron	neuprint_JRC_Hemibrain_1point1	is_a
786013856	PFNd(PB04)_R3_C7	PB slice 3-FB-NO2 dorsal domain neuron	neuprint_JRC_Hemibrain_1point1	is_a
664235541	PFNd(PB04)_R4_C6	PB slice 4-FB-NO2 dorsal domain neuron	neuprint_JRC_Hemibrain_1point1	is_a
695270840	PFNd(PB04)_R4_C6	PB slice 4-FB-NO2 dorsal domain neuron	neuprint_JRC_Hemibrain_1point1	is_a
819073675	PFNd(PB04)_R4_C6	PB slice 4-FB-NO2 dorsal domain neuron	neuprint_JRC_Hemibrain_1point1	is_a
850104005	PFNd(PB04)_R4_C6	PB slice 4-FB-NO2 dorsal domain neuron	neuprint_JRC_Hemibrain_1point1	is_a
786674282	PFNd(PB04)_R5_C5	PB slice 5-FB-NO2 dorsal domain neuron	neuprint_JRC_Hemibrain_1point1	is_a
910447220	PFNd(PB04)_R5_C5	PB slice 5-FB-NO2 dorsal domain neuron	neuprint_JRC_Hemibrain_1point1	is_a
786989348	PFNd(PB04)_R6_C4	PB slice 6-FB-NO2 dorsal domain neuron	neuprint_JRC_Hemibrain_1point1	is_a
786989395	PFNd(PB04)_R6_C4	PB slice 6-FB-NO2 dorsal domain neuron	neuprint_JRC_Hemibrain_1point1	is_a
878380399	PFNd(PB04)_R6_C4	PB slice 6-FB-NO2 dorsal domain neuron	neuprint_JRC_Hemibrain_1point1	is_a
940791383	PFNd(PB04)_R6_C4	PB slice 6-FB-NO2 dorsal domain neuron	neuprint_JRC_Hemibrain_1point1	is_a
1129456907	PFNp_a(PB01a)_L2_C1	PB slice 2-FB-NO3 posterior domain neuron	neuprint_JRC_Hemibrain_1point1	is_a
881868311	PFNp_a(PB01a)_L2_C1	PB slice 2-FB-NO3 posterior domain neuron	neuprint_JRC_Hemibrain_1point1	is_a
912894972	PFNp_a(PB01a)_L2_C1	PB slice 2-FB-NO3 posterior domain neuron	neuprint_JRC_Hemibrain_1point1	is_a
5813014573	PFNp_a(PB01a)_L3_C2	PB slice 3-FB-NO3 posterior domain neuron	neuprint_JRC_Hemibrain_1point1	is_a
697014777	PFNp_a(PB01a)_L3_C2	PB slice 3-FB-NO3 posterior domain neuron	neuprint_JRC_Hemibrain_1point1	is_a
758069811	PFNp_a(PB01a)_L3_C2	PB slice 3-FB-NO3 posterior domain neuron	neuprint_JRC_Hemibrain_1point1	is_a
1349114660	PFNp_a(PB01a)_L4_C3	PB slice 4-FB-NO3 posterior domain neuron	neuprint_JRC_Hemibrain_1point1	is_a
819138035	PFNp_a(PB01a)_L4_C3	PB slice 4-FB-NO3 posterior domain neuron	neuprint_JRC_Hemibrain_1point1	is_a
880526177	PFNp_a(PB01a)_L4_C3	PB slice 4-FB-NO3 posterior domain neuron	neuprint_JRC_Hemibrain_1point1	is_a
880526398	PFNp_a(PB01a)_L4_C3	PB slice 4-FB-NO3 posterior domain neuron	neuprint_JRC_Hemibrain_1point1	is_a
879844206	PFNp_a(PB01a)_L5_C4	PB slice 5-FB-NO3 posterior domain neuron	neuprint_JRC_Hemibrain_1point1	is_a
881216816	PFNp_a(PB01a)_L5_C4	PB slice 5-FB-NO3 posterior domain neuron	neuprint_JRC_Hemibrain_1point1	is_a
910878587	PFNp_a(PB01a)_L5_C4	PB slice 5-FB-NO3 posterior domain neuron	neuprint_JRC_Hemibrain_1point1	is_a
1472542572	PFNp_a(PB01a)_L6_C5	PB slice 6-FB-NO3 posterior domain neuron	neuprint_JRC_Hemibrain_1point1	is_a
1472546868	PFNp_a(PB01a)_L6_C5	PB slice 6-FB-NO3 posterior domain neuron	neuprint_JRC_Hemibrain_1point1	is_a
664313308	PFNp_a(PB01a)_L6_C5	PB slice 6-FB-NO3 posterior domain neuron	neuprint_JRC_Hemibrain_1point1	is_a
694665957	PFNp_a(PB01a)_L6_C5	PB slice 6-FB-NO3 posterior domain neuron	neuprint_JRC_Hemibrain_1point1	is_a
694666271	PFNp_a(PB01a)_L6_C5	PB slice 6-FB-NO3 posterior domain neuron	neuprint_JRC_Hemibrain_1point1	is_a
694670373	PFNp_a(PB01a)_L6_C5	PB slice 6-FB-NO3 posterior domain neuron	neuprint_JRC_Hemibrain_1point1	is_a
1034711992	PFNp_a(PB01a)_L7_C6	PB slice 7-FB-NO3 posterior domain neuron	neuprint_JRC_Hemibrain_1point1	is_a
5813128308	PFNp_a(PB01a)_L7_C6	PB slice 7-FB-NO3 posterior domain neuron	neuprint_JRC_Hemibrain_1point1	is_a
756390536	PFNp_a(PB01a)_L7_C6	PB slice 7-FB-NO3 posterior domain neuron	neuprint_JRC_Hemibrain_1point1	is_a
1320799646	PFNp_a(PB01a)_L8_C7	PB slice 8-FB-NO3 posterior domain neuron	neuprint_JRC_Hemibrain_1point1	is_a
1567382512	PFNp_a(PB01a)_L8_C7	PB slice 8-FB-NO3 posterior domain neuron	neuprint_JRC_Hemibrain_1point1	is_a
1567728102	PFNp_a(PB01a)_L8_C7	PB slice 8-FB-NO3 posterior domain neuron	neuprint_JRC_Hemibrain_1point1	is_a
5813127581	PFNp_a(PB01a)_L8_C7	PB slice 8-FB-NO3 posterior domain neuron	neuprint_JRC_Hemibrain_1point1	is_a
1220581302	PFNp_a(PB01a)_L9_C8	PB slice 9-FB-NO3 posterior domain neuron	neuprint_JRC_Hemibrain_1point1	is_a
1251952397	PFNp_a(PB01a)_L9_C8	PB slice 9-FB-NO3 posterior domain neuron	neuprint_JRC_Hemibrain_1point1	is_a
1282300415	PFNp_a(PB01a)_L9_C8	PB slice 9-FB-NO3 posterior domain neuron	neuprint_JRC_Hemibrain_1point1	is_a
1631486122	PFNp_a(PB01a)_R2_C9	PB slice 2-FB-NO3 posterior domain neuron	neuprint_JRC_Hemibrain_1point1	is_a
572167406	PFNp_a(PB01a)_R2_C9	PB slice 2-FB-NO3 posterior domain neuron	neuprint_JRC_Hemibrain_1point1	is_a
5813026993	PFNp_a(PB01a)_R2_C9	PB slice 2-FB-NO3 posterior domain neuron	neuprint_JRC_Hemibrain_1point1	is_a
1598067695	PFNp_a(PB01a)_R3_C8	PB slice 3-FB-NO3 posterior domain neuron	neuprint_JRC_Hemibrain_1point1	is_a
1628743785	PFNp_a(PB01a)_R3_C8	PB slice 3-FB-NO3 posterior domain neuron	neuprint_JRC_Hemibrain_1point1	is_a
571826184	PFNp_a(PB01a)_R3_C8	PB slice 3-FB-NO3 posterior domain neuron	neuprint_JRC_Hemibrain_1point1	is_a
1441485388	PFNp_a(PB01a)_R4_C7	PB slice 4-FB-NO3 posterior domain neuron	neuprint_JRC_Hemibrain_1point1	is_a
633200861	PFNp_a(PB01a)_R4_C7	PB slice 4-FB-NO3 posterior domain neuron	neuprint_JRC_Hemibrain_1point1	is_a
633541717	PFNp_a(PB01a)_R4_C7	PB slice 4-FB-NO3 posterior domain neuron	neuprint_JRC_Hemibrain_1point1	is_a
911823931	PFNp_a(PB01a)_R4_C7	PB slice 4-FB-NO3 posterior domain neuron	neuprint_JRC_Hemibrain_1point1	is_a
1350803100	PFNp_a(PB01a)_R5_C6	PB slice 5-FB-NO3 posterior domain neuron	neuprint_JRC_Hemibrain_1point1	is_a
1629426306	PFNp_a(PB01a)_R5_C6	PB slice 5-FB-NO3 posterior domain neuron	neuprint_JRC_Hemibrain_1point1	is_a
1410450514	PFNp_a(PB01a)_R6_C5	PB slice 6-FB-NO3 posterior domain neuron	neuprint_JRC_Hemibrain_1point1	is_a
1410450859	PFNp_a(PB01a)_R6_C5	PB slice 6-FB-NO3 posterior domain neuron	neuprint_JRC_Hemibrain_1point1	is_a
817674780	PFNp_a(PB01a)_R6_C5	PB slice 6-FB-NO3 posterior domain neuron	neuprint_JRC_Hemibrain_1point1	is_a
816682053	PFNp_a(PB01a)_R6_C5	PB slice 6-FB-NO3 posterior domain neuron	neuprint_JRC_Hemibrain_1point1	is_a
816682110	PFNp_a(PB01a)_R6_C5	PB slice 6-FB-NO3 posterior domain neuron	neuprint_JRC_Hemibrain_1point1	is_a
878725581	PFNp_a(PB01a)_R6_C5	PB slice 6-FB-NO3 posterior domain neuron	neuprint_JRC_Hemibrain_1point1	is_a
971817401	PFNp_a(PB01a)_R6_C5	PB slice 6-FB-NO3 posterior domain neuron	neuprint_JRC_Hemibrain_1point1	is_a
723546819	PFNp_a(PB01a)_R7_C4	PB slice 7-FB-NO3 posterior domain neuron	neuprint_JRC_Hemibrain_1point1	is_a
817683388	PFNp_a(PB01a)_R7_C4	PB slice 7-FB-NO3 posterior domain neuron	neuprint_JRC_Hemibrain_1point1	is_a
877702431	PFNp_a(PB01a)_R7_C4	PB slice 7-FB-NO3 posterior domain neuron	neuprint_JRC_Hemibrain_1point1	is_a
1126305687	PFNp_a(PB01a)_R8_C3	PB slice 8-FB-NO3 posterior domain neuron	neuprint_JRC_Hemibrain_1point1	is_a
1126310807	PFNp_a(PB01a)_R8_C3	PB slice 8-FB-NO3 posterior domain neuron	neuprint_JRC_Hemibrain_1point1	is_a
1156999846	PFNp_a(PB01a)_R8_C3	PB slice 8-FB-NO3 posterior domain neuron	neuprint_JRC_Hemibrain_1point1	is_a
5812987339	PFNp_a(PB01a)_R8_C3	PB slice 8-FB-NO3 posterior domain neuron	neuprint_JRC_Hemibrain_1point1	is_a
1217372569	PFNp_a(PB01a)_R9_C2	PB slice 9-FB-NO3 posterior domain neuron	neuprint_JRC_Hemibrain_1point1	is_a
1218728588	PFNp_a(PB01a)_R9_C2	PB slice 9-FB-NO3 posterior domain neuron	neuprint_JRC_Hemibrain_1point1	is_a
1219069788	PFNp_a(PB01a)_R9_C2	PB slice 9-FB-NO3 posterior domain neuron	neuprint_JRC_Hemibrain_1point1	is_a
1219410844	PFNp_a(PB01a)_R9_C2	PB slice 9-FB-NO3 posterior domain neuron	neuprint_JRC_Hemibrain_1point1	is_a
1219756158	PFNp_a(PB01a)_R9_C2	PB slice 9-FB-NO3 posterior domain neuron	neuprint_JRC_Hemibrain_1point1	is_a
1160833169	PFNp_b(PB01b)_L2_C1	PB slice 2-FB-NO3 posterior domain neuron	neuprint_JRC_Hemibrain_1point1	is_a
850829072	PFNp_b(PB01b)_L2_C1	PB slice 2-FB-NO3 posterior domain neuron	neuprint_JRC_Hemibrain_1point1	is_a
912558136	PFNp_b(PB01b)_L2_C1	PB slice 2-FB-NO3 posterior domain neuron	neuprint_JRC_Hemibrain_1point1	is_a
943592738	PFNp_b(PB01b)_L2_C1	PB slice 2-FB-NO3 posterior domain neuron	neuprint_JRC_Hemibrain_1point1	is_a
943592989	PFNp_b(PB01b)_L2_C1	PB slice 2-FB-NO3 posterior domain neuron	neuprint_JRC_Hemibrain_1point1	is_a
697014740	PFNp_b(PB01b)_L3_C2	PB slice 3-FB-NO3 posterior domain neuron	neuprint_JRC_Hemibrain_1point1	is_a
727035427	PFNp_b(PB01b)_L3_C2	PB slice 3-FB-NO3 posterior domain neuron	neuprint_JRC_Hemibrain_1point1	is_a
758069781	PFNp_b(PB01b)_L3_C2	PB slice 3-FB-NO3 posterior domain neuron	neuprint_JRC_Hemibrain_1point1	is_a
789104870	PFNp_b(PB01b)_L3_C2	PB slice 3-FB-NO3 posterior domain neuron	neuprint_JRC_Hemibrain_1point1	is_a
851170296	PFNp_b(PB01b)_L3_C2	PB slice 3-FB-NO3 posterior domain neuron	neuprint_JRC_Hemibrain_1point1	is_a
1348769299	PFNp_b(PB01b)_L4_C3	PB slice 4-FB-NO3 posterior domain neuron	neuprint_JRC_Hemibrain_1point1	is_a
1349114669	PFNp_b(PB01b)_L4_C3	PB slice 4-FB-NO3 posterior domain neuron	neuprint_JRC_Hemibrain_1point1	is_a
1380145267	PFNp_b(PB01b)_L4_C3	PB slice 4-FB-NO3 posterior domain neuron	neuprint_JRC_Hemibrain_1point1	is_a
1503922566	PFNp_b(PB01b)_L4_C3	PB slice 4-FB-NO3 posterior domain neuron	neuprint_JRC_Hemibrain_1point1	is_a
664632485	PFNp_b(PB01b)_L4_C3	PB slice 4-FB-NO3 posterior domain neuron	neuprint_JRC_Hemibrain_1point1	is_a
694985489	PFNp_b(PB01b)_L4_C3	PB slice 4-FB-NO3 posterior domain neuron	neuprint_JRC_Hemibrain_1point1	is_a
819138027	PFNp_b(PB01b)_L4_C3	PB slice 4-FB-NO3 posterior domain neuron	neuprint_JRC_Hemibrain_1point1	is_a
849832122	PFNp_b(PB01b)_L4_C3	PB slice 4-FB-NO3 posterior domain neuron	neuprint_JRC_Hemibrain_1point1	is_a
911220331	PFNp_b(PB01b)_L4_C3	PB slice 4-FB-NO3 posterior domain neuron	neuprint_JRC_Hemibrain_1point1	is_a
5813127525	PFNp_b(PB01b)_L5_C4	PB slice 5-FB-NO3 posterior domain neuron	neuprint_JRC_Hemibrain_1point1	is_a
5813128240	PFNp_b(PB01b)_L5_C4	PB slice 5-FB-NO3 posterior domain neuron	neuprint_JRC_Hemibrain_1point1	is_a
879844144	PFNp_b(PB01b)_L5_C4	PB slice 5-FB-NO3 posterior domain neuron	neuprint_JRC_Hemibrain_1point1	is_a
879844210	PFNp_b(PB01b)_L5_C4	PB slice 5-FB-NO3 posterior domain neuron	neuprint_JRC_Hemibrain_1point1	is_a
1069757725	PFNp_b(PB01b)_L6_C5	PB slice 6-FB-NO3 posterior domain neuron	neuprint_JRC_Hemibrain_1point1	is_a
1410813978	PFNp_b(PB01b)_L6_C5	PB slice 6-FB-NO3 posterior domain neuron	neuprint_JRC_Hemibrain_1point1	is_a
1441498763	PFNp_b(PB01b)_L6_C5	PB slice 6-FB-NO3 posterior domain neuron	neuprint_JRC_Hemibrain_1point1	is_a
1441499171	PFNp_b(PB01b)_L6_C5	PB slice 6-FB-NO3 posterior domain neuron	neuprint_JRC_Hemibrain_1point1	is_a
1441499284	PFNp_b(PB01b)_L6_C5	PB slice 6-FB-NO3 posterior domain neuron	neuprint_JRC_Hemibrain_1point1	is_a
1441503403	PFNp_b(PB01b)_L6_C5	PB slice 6-FB-NO3 posterior domain neuron	neuprint_JRC_Hemibrain_1point1	is_a
1441848753	PFNp_b(PB01b)_L6_C5	PB slice 6-FB-NO3 posterior domain neuron	neuprint_JRC_Hemibrain_1point1	is_a
5813122799	PFNp_b(PB01b)_L6_C5	PB slice 6-FB-NO3 posterior domain neuron	neuprint_JRC_Hemibrain_1point1	is_a
5813012311	PFNp_b(PB01b)_L6_C5	PB slice 6-FB-NO3 posterior domain neuron	neuprint_JRC_Hemibrain_1point1	is_a
632259507	PFNp_b(PB01b)_L6_C5	PB slice 6-FB-NO3 posterior domain neuron	neuprint_JRC_Hemibrain_1point1	is_a
725360291	PFNp_b(PB01b)_L6_C5	PB slice 6-FB-NO3 posterior domain neuron	neuprint_JRC_Hemibrain_1point1	is_a
5813128416	PFNp_b(PB01b)_L6_C5_irreg	PB slice 6-FB-NO3 posterior domain neuron	neuprint_JRC_Hemibrain_1point1	is_a
1003659595	PFNp_b(PB01b)_L7_C6	PB slice 7-FB-NO3 posterior domain neuron	neuprint_JRC_Hemibrain_1point1	is_a
1034703497	PFNp_b(PB01b)_L7_C6	PB slice 7-FB-NO3 posterior domain neuron	neuprint_JRC_Hemibrain_1point1	is_a
1598382541	PFNp_b(PB01b)_L7_C6	PB slice 7-FB-NO3 posterior domain neuron	neuprint_JRC_Hemibrain_1point1	is_a
5813056012	PFNp_b(PB01b)_L7_C6	PB slice 7-FB-NO3 posterior domain neuron	neuprint_JRC_Hemibrain_1point1	is_a
5813077698	PFNp_b(PB01b)_L7_C6	PB slice 7-FB-NO3 posterior domain neuron	neuprint_JRC_Hemibrain_1point1	is_a
756049717	PFNp_b(PB01b)_L7_C6	PB slice 7-FB-NO3 posterior domain neuron	neuprint_JRC_Hemibrain_1point1	is_a
1127808629	PFNp_b(PB01b)_L8_C7	PB slice 8-FB-NO3 posterior domain neuron	neuprint_JRC_Hemibrain_1point1	is_a
1158507467	PFNp_b(PB01b)_L8_C7	PB slice 8-FB-NO3 posterior domain neuron	neuprint_JRC_Hemibrain_1point1	is_a
1164597572	PFNp_b(PB01b)_L8_C7	PB slice 8-FB-NO3 posterior domain neuron	neuprint_JRC_Hemibrain_1point1	is_a
1189882785	PFNp_b(PB01b)_L8_C7	PB slice 8-FB-NO3 posterior domain neuron	neuprint_JRC_Hemibrain_1point1	is_a
1189887646	PFNp_b(PB01b)_L8_C7	PB slice 8-FB-NO3 posterior domain neuron	neuprint_JRC_Hemibrain_1point1	is_a
1567028669	PFNp_b(PB01b)_L8_C7	PB slice 8-FB-NO3 posterior domain neuron	neuprint_JRC_Hemibrain_1point1	is_a
1661121263	PFNp_b(PB01b)_L8_C7	PB slice 8-FB-NO3 posterior domain neuron	neuprint_JRC_Hemibrain_1point1	is_a
1251265590	PFNp_b(PB01b)_L9_C8	PB slice 9-FB-NO3 posterior domain neuron	neuprint_JRC_Hemibrain_1point1	is_a
1282991279	PFNp_b(PB01b)_L9_C8	PB slice 9-FB-NO3 posterior domain neuron	neuprint_JRC_Hemibrain_1point1	is_a
1345056477	PFNp_b(PB01b)_L9_C8	PB slice 9-FB-NO3 posterior domain neuron	neuprint_JRC_Hemibrain_1point1	is_a
1251265778	PFNp_b(PB01b)_L9_C9	PB slice 9-FB-NO3 posterior domain neuron	neuprint_JRC_Hemibrain_1point1	is_a
1282305753	PFNp_b(PB01b)_L9_C9	PB slice 9-FB-NO3 posterior domain neuron	neuprint_JRC_Hemibrain_1point1	is_a
1282646571	PFNp_b(PB01b)_L9_C9	PB slice 9-FB-NO3 posterior domain neuron	neuprint_JRC_Hemibrain_1point1	is_a
1599773239	PFNp_b(PB01b)_L9_C9	PB slice 9-FB-NO3 posterior domain neuron	neuprint_JRC_Hemibrain_1point1	is_a
1630462217	PFNp_b(PB01b)_L9_C9	PB slice 9-FB-NO3 posterior domain neuron	neuprint_JRC_Hemibrain_1point1	is_a
1503581177	PFNp_b(PB01b)_R2_C9	PB slice 2-FB-NO3 posterior domain neuron	neuprint_JRC_Hemibrain_1point1	is_a
1503581412	PFNp_b(PB01b)_R2_C9	PB slice 2-FB-NO3 posterior domain neuron	neuprint_JRC_Hemibrain_1point1	is_a
1534616361	PFNp_b(PB01b)_R2_C9	PB slice 2-FB-NO3 posterior domain neuron	neuprint_JRC_Hemibrain_1point1	is_a
5813016167	PFNp_b(PB01b)_R2_C9	PB slice 2-FB-NO3 posterior domain neuron	neuprint_JRC_Hemibrain_1point1	is_a
757699264	PFNp_b(PB01b)_R2_C9	PB slice 2-FB-NO3 posterior domain neuron	neuprint_JRC_Hemibrain_1point1	is_a
1599772916	PFNp_b(PB01b)_R3_C8	PB slice 3-FB-NO3 posterior domain neuron	neuprint_JRC_Hemibrain_1point1	is_a
572166953	PFNp_b(PB01b)_R3_C8	PB slice 3-FB-NO3 posterior domain neuron	neuprint_JRC_Hemibrain_1point1	is_a
572167413	PFNp_b(PB01b)_R3_C8	PB slice 3-FB-NO3 posterior domain neuron	neuprint_JRC_Hemibrain_1point1	is_a
943226223	PFNp_b(PB01b)_R3_C8	PB slice 3-FB-NO3 posterior domain neuron	neuprint_JRC_Hemibrain_1point1	is_a
942535218	PFNp_b(PB01b)_R3_C8	PB slice 3-FB-NO3 posterior domain neuron	neuprint_JRC_Hemibrain_1point1	is_a
1410450694	PFNp_b(PB01b)_R4_C7	PB slice 4-FB-NO3 posterior domain neuron	neuprint_JRC_Hemibrain_1point1	is_a
1535298439	PFNp_b(PB01b)_R4_C7	PB slice 4-FB-NO3 posterior domain neuron	neuprint_JRC_Hemibrain_1point1	is_a
1535298460	PFNp_b(PB01b)_R4_C7	PB slice 4-FB-NO3 posterior domain neuron	neuprint_JRC_Hemibrain_1point1	is_a
1536326457	PFNp_b(PB01b)_R4_C7	PB slice 4-FB-NO3 posterior domain neuron	neuprint_JRC_Hemibrain_1point1	is_a
1566333075	PFNp_b(PB01b)_R4_C7	PB slice 4-FB-NO3 posterior domain neuron	neuprint_JRC_Hemibrain_1point1	is_a
1567020107	PFNp_b(PB01b)_R4_C7	PB slice 4-FB-NO3 posterior domain neuron	neuprint_JRC_Hemibrain_1point1	is_a
633200871	PFNp_b(PB01b)_R4_C7	PB slice 4-FB-NO3 posterior domain neuron	neuprint_JRC_Hemibrain_1point1	is_a
633200987	PFNp_b(PB01b)_R4_C7	PB slice 4-FB-NO3 posterior domain neuron	neuprint_JRC_Hemibrain_1point1	is_a
633201022	PFNp_b(PB01b)_R4_C7	PB slice 4-FB-NO3 posterior domain neuron	neuprint_JRC_Hemibrain_1point1	is_a
942172462	PFNp_b(PB01b)_R4_C7	PB slice 4-FB-NO3 posterior domain neuron	neuprint_JRC_Hemibrain_1point1	is_a
1503896377	PFNp_b(PB01b)_R5_C6	PB slice 5-FB-NO3 posterior domain neuron	neuprint_JRC_Hemibrain_1point1	is_a
5812991632	PFNp_b(PB01b)_R5_C6	PB slice 5-FB-NO3 posterior domain neuron	neuprint_JRC_Hemibrain_1point1	is_a
848407278	PFNp_b(PB01b)_R5_C6	PB slice 5-FB-NO3 posterior domain neuron	neuprint_JRC_Hemibrain_1point1	is_a
879779401	PFNp_b(PB01b)_R5_C6	PB slice 5-FB-NO3 posterior domain neuron	neuprint_JRC_Hemibrain_1point1	is_a
910473088	PFNp_b(PB01b)_R5_C6	PB slice 5-FB-NO3 posterior domain neuron	neuprint_JRC_Hemibrain_1point1	is_a
1410118722	PFNp_b(PB01b)_R6_C5	PB slice 6-FB-NO3 posterior domain neuron	neuprint_JRC_Hemibrain_1point1	is_a
1410122843	PFNp_b(PB01b)_R6_C5	PB slice 6-FB-NO3 posterior domain neuron	neuprint_JRC_Hemibrain_1point1	is_a
1410451151	PFNp_b(PB01b)_R6_C5	PB slice 6-FB-NO3 posterior domain neuron	neuprint_JRC_Hemibrain_1point1	is_a
5813070464	PFNp_b(PB01b)_R6_C5	PB slice 6-FB-NO3 posterior domain neuron	neuprint_JRC_Hemibrain_1point1	is_a
5813014859	PFNp_b(PB01b)_R6_C5	PB slice 6-FB-NO3 posterior domain neuron	neuprint_JRC_Hemibrain_1point1	is_a
785957618	PFNp_b(PB01b)_R6_C5	PB slice 6-FB-NO3 posterior domain neuron	neuprint_JRC_Hemibrain_1point1	is_a
847712233	PFNp_b(PB01b)_R6_C5	PB slice 6-FB-NO3 posterior domain neuron	neuprint_JRC_Hemibrain_1point1	is_a
847712342	PFNp_b(PB01b)_R6_C5	PB slice 6-FB-NO3 posterior domain neuron	neuprint_JRC_Hemibrain_1point1	is_a
940791092	PFNp_b(PB01b)_R6_C5	PB slice 6-FB-NO3 posterior domain neuron	neuprint_JRC_Hemibrain_1point1	is_a
940791093	PFNp_b(PB01b)_R6_C5	PB slice 6-FB-NO3 posterior domain neuron	neuprint_JRC_Hemibrain_1point1	is_a
940791115	PFNp_b(PB01b)_R6_C5	PB slice 6-FB-NO3 posterior domain neuron	neuprint_JRC_Hemibrain_1point1	is_a
940791123	PFNp_b(PB01b)_R6_C5	PB slice 6-FB-NO3 posterior domain neuron	neuprint_JRC_Hemibrain_1point1	is_a
1380408540	PFNp_b(PB01b)_R7_C4	PB slice 7-FB-NO3 posterior domain neuron	neuprint_JRC_Hemibrain_1point1	is_a
1472866173	PFNp_b(PB01b)_R7_C4	PB slice 7-FB-NO3 posterior domain neuron	neuprint_JRC_Hemibrain_1point1	is_a
1504582746	PFNp_b(PB01b)_R7_C4	PB slice 7-FB-NO3 posterior domain neuron	neuprint_JRC_Hemibrain_1point1	is_a
5813040300	PFNp_b(PB01b)_R7_C4	PB slice 7-FB-NO3 posterior domain neuron	neuprint_JRC_Hemibrain_1point1	is_a
817342497	PFNp_b(PB01b)_R7_C4	PB slice 7-FB-NO3 posterior domain neuron	neuprint_JRC_Hemibrain_1point1	is_a
816682061	PFNp_b(PB01b)_R7_C4	PB slice 7-FB-NO3 posterior domain neuron	neuprint_JRC_Hemibrain_1point1	is_a
1125964879	PFNp_b(PB01b)_R8_C3	PB slice 8-FB-NO3 posterior domain neuron	neuprint_JRC_Hemibrain_1point1	is_a
1125964899	PFNp_b(PB01b)_R8_C3	PB slice 8-FB-NO3 posterior domain neuron	neuprint_JRC_Hemibrain_1point1	is_a
1126310841	PFNp_b(PB01b)_R8_C3	PB slice 8-FB-NO3 posterior domain neuron	neuprint_JRC_Hemibrain_1point1	is_a
1187693355	PFNp_b(PB01b)_R8_C3	PB slice 8-FB-NO3 posterior domain neuron	neuprint_JRC_Hemibrain_1point1	is_a
1188371481	PFNp_b(PB01b)_R8_C3	PB slice 8-FB-NO3 posterior domain neuron	neuprint_JRC_Hemibrain_1point1	is_a
1188716311	PFNp_b(PB01b)_R8_C3	PB slice 8-FB-NO3 posterior domain neuron	neuprint_JRC_Hemibrain_1point1	is_a
5812987321	PFNp_b(PB01b)_R8_C3	PB slice 8-FB-NO3 posterior domain neuron	neuprint_JRC_Hemibrain_1point1	is_a
5812987334	PFNp_b(PB01b)_R8_C3	PB slice 8-FB-NO3 posterior domain neuron	neuprint_JRC_Hemibrain_1point1	is_a
1218728463	PFNp_b(PB01b)_R9_C1	PB slice 9-FB-NO3 posterior domain neuron	neuprint_JRC_Hemibrain_1point1	is_a
1218728544	PFNp_b(PB01b)_R9_C1	PB slice 9-FB-NO3 posterior domain neuron	neuprint_JRC_Hemibrain_1point1	is_a
1250113157	PFNp_b(PB01b)_R9_C1	PB slice 9-FB-NO3 posterior domain neuron	neuprint_JRC_Hemibrain_1point1	is_a
1248424794	PFNp_b(PB01b)_R9_C1	PB slice 9-FB-NO3 posterior domain neuron	neuprint_JRC_Hemibrain_1point1	is_a
1630765418	PFNp_b(PB01b)_R9_C1	PB slice 9-FB-NO3 posterior domain neuron	neuprint_JRC_Hemibrain_1point1	is_a
5813023615	PFNp_b(PB01b)_R9_C1	PB slice 9-FB-NO3 posterior domain neuron	neuprint_JRC_Hemibrain_1point1	is_a
5812988707	PFNp_b(PB01b)_R9_C1	PB slice 9-FB-NO3 posterior domain neuron	neuprint_JRC_Hemibrain_1point1	is_a
1218733141	PFNp_b(PB01b)_R9_C2	PB slice 9-FB-NO3 posterior domain neuron	neuprint_JRC_Hemibrain_1point1	is_a
5813041556	PFNp_c(PB01c)_L2_C1	PB slice 2-FB-NO3 posterior domain neuron	neuprint_JRC_Hemibrain_1point1	is_a
850829248	PFNp_c(PB01c)_L2_C1	PB slice 2-FB-NO3 posterior domain neuron	neuprint_JRC_Hemibrain_1point1	is_a
5812994149	PFNp_c(PB01c)_L3_C2	PB slice 3-FB-NO3 posterior domain neuron	neuprint_JRC_Hemibrain_1point1	is_a
850492366	PFNp_c(PB01c)_L3_C2	PB slice 3-FB-NO3 posterior domain neuron	neuprint_JRC_Hemibrain_1point1	is_a
632911211	PFNp_c(PB01c)_L4_C3	PB slice 4-FB-NO3 posterior domain neuron	neuprint_JRC_Hemibrain_1point1	is_a
757055403	PFNp_c(PB01c)_L4_C3	PB slice 4-FB-NO3 posterior domain neuron	neuprint_JRC_Hemibrain_1point1	is_a
880526292	PFNp_c(PB01c)_L4_C3	PB slice 4-FB-NO3 posterior domain neuron	neuprint_JRC_Hemibrain_1point1	is_a
911215499	PFNp_c(PB01c)_L4_C3	PB slice 4-FB-NO3 posterior domain neuron	neuprint_JRC_Hemibrain_1point1	is_a
848800043	PFNp_c(PB01c)_L5_C4	PB slice 5-FB-NO3 posterior domain neuron	neuprint_JRC_Hemibrain_1point1	is_a
848800082	PFNp_c(PB01c)_L5_C4	PB slice 5-FB-NO3 posterior domain neuron	neuprint_JRC_Hemibrain_1point1	is_a
1380145201	PFNp_c(PB01c)_L6_C5	PB slice 6-FB-NO3 posterior domain neuron	neuprint_JRC_Hemibrain_1point1	is_a
1380149563	PFNp_c(PB01c)_L6_C5	PB slice 6-FB-NO3 posterior domain neuron	neuprint_JRC_Hemibrain_1point1	is_a
1380149683	PFNp_c(PB01c)_L6_C5	PB slice 6-FB-NO3 posterior domain neuron	neuprint_JRC_Hemibrain_1point1	is_a
1410127303	PFNp_c(PB01c)_L6_C5	PB slice 6-FB-NO3 posterior domain neuron	neuprint_JRC_Hemibrain_1point1	is_a
1410472719	PFNp_c(PB01c)_L6_C5	PB slice 6-FB-NO3 posterior domain neuron	neuprint_JRC_Hemibrain_1point1	is_a
1441503748	PFNp_c(PB01c)_L6_C5	PB slice 6-FB-NO3 posterior domain neuron	neuprint_JRC_Hemibrain_1point1	is_a
693651381	PFNp_c(PB01c)_L7_C6	PB slice 7-FB-NO3 posterior domain neuron	neuprint_JRC_Hemibrain_1point1	is_a
818119357	PFNp_c(PB01c)_L7_C6	PB slice 7-FB-NO3 posterior domain neuron	neuprint_JRC_Hemibrain_1point1	is_a
1094722478	PFNp_c(PB01c)_L8_C7	PB slice 8-FB-NO3 posterior domain neuron	neuprint_JRC_Hemibrain_1point1	is_a
1159530101	PFNp_c(PB01c)_L8_C7	PB slice 8-FB-NO3 posterior domain neuron	neuprint_JRC_Hemibrain_1point1	is_a
1599410380	PFNp_c(PB01c)_L8_C7	PB slice 8-FB-NO3 posterior domain neuron	neuprint_JRC_Hemibrain_1point1	is_a
1125411720	PFNp_c(PB01c)_L9_C9	PB slice 9-FB-NO3 posterior domain neuron	neuprint_JRC_Hemibrain_1point1	is_a
1219889738	PFNp_c(PB01c)_L9_C9	PB slice 9-FB-NO3 posterior domain neuron	neuprint_JRC_Hemibrain_1point1	is_a
1599747200	PFNp_c(PB01c)_L9_C9	PB slice 9-FB-NO3 posterior domain neuron	neuprint_JRC_Hemibrain_1point1	is_a
1661458883	PFNp_c(PB01c)_L9_C9	PB slice 9-FB-NO3 posterior domain neuron	neuprint_JRC_Hemibrain_1point1	is_a
724276536	PFNp_c(PB01c)_R2_C9	PB slice 2-FB-NO3 posterior domain neuron	neuprint_JRC_Hemibrain_1point1	is_a
911500529	PFNp_c(PB01c)_R2_C9	PB slice 2-FB-NO3 posterior domain neuron	neuprint_JRC_Hemibrain_1point1	is_a
1599431888	PFNp_c(PB01c)_R3_C8	PB slice 3-FB-NO3 posterior domain neuron	neuprint_JRC_Hemibrain_1point1	is_a
1599436552	PFNp_c(PB01c)_R3_C8	PB slice 3-FB-NO3 posterior domain neuron	neuprint_JRC_Hemibrain_1point1	is_a
1441144493	PFNp_c(PB01c)_R4_C7	PB slice 4-FB-NO3 posterior domain neuron	neuprint_JRC_Hemibrain_1point1	is_a
1441485633	PFNp_c(PB01c)_R4_C7	PB slice 4-FB-NO3 posterior domain neuron	neuprint_JRC_Hemibrain_1point1	is_a
1441485832	PFNp_c(PB01c)_R4_C7	PB slice 4-FB-NO3 posterior domain neuron	neuprint_JRC_Hemibrain_1point1	is_a
1441485942	PFNp_c(PB01c)_R4_C7	PB slice 4-FB-NO3 posterior domain neuron	neuprint_JRC_Hemibrain_1point1	is_a
1629085008	PFNp_c(PB01c)_R5_C6	PB slice 5-FB-NO3 posterior domain neuron	neuprint_JRC_Hemibrain_1point1	is_a
786000969	PFNp_c(PB01c)_R5_C6	PB slice 5-FB-NO3 posterior domain neuron	neuprint_JRC_Hemibrain_1point1	is_a
1410122586	PFNp_c(PB01c)_R6_C5	PB slice 6-FB-NO3 posterior domain neuron	neuprint_JRC_Hemibrain_1point1	is_a
1410122892	PFNp_c(PB01c)_R6_C5	PB slice 6-FB-NO3 posterior domain neuron	neuprint_JRC_Hemibrain_1point1	is_a
1410451120	PFNp_c(PB01c)_R6_C5	PB slice 6-FB-NO3 posterior domain neuron	neuprint_JRC_Hemibrain_1point1	is_a
724228740	PFNp_c(PB01c)_R6_C5	PB slice 6-FB-NO3 posterior domain neuron	neuprint_JRC_Hemibrain_1point1	is_a
1473207713	PFNp_c(PB01c)_R7_C4	PB slice 7-FB-NO3 posterior domain neuron	neuprint_JRC_Hemibrain_1point1	is_a
692857189	PFNp_c(PB01c)_R7_C4	PB slice 7-FB-NO3 posterior domain neuron	neuprint_JRC_Hemibrain_1point1	is_a
1126301622	PFNp_c(PB01c)_R8_C3	PB slice 8-FB-NO3 posterior domain neuron	neuprint_JRC_Hemibrain_1point1	is_a
5812987327	PFNp_c(PB01c)_R8_C3	PB slice 8-FB-NO3 posterior domain neuron	neuprint_JRC_Hemibrain_1point1	is_a
1248770299	PFNp_c(PB01c)_R9_C1	PB slice 9-FB-NO3 posterior domain neuron	neuprint_JRC_Hemibrain_1point1	is_a
1249098248	PFNp_c(PB01c)_R9_C1	PB slice 9-FB-NO3 posterior domain neuron	neuprint_JRC_Hemibrain_1point1	is_a
1249763220	PFNp_c(PB01c)_R9_C1	PB slice 9-FB-NO3 posterior domain neuron	neuprint_JRC_Hemibrain_1point1	is_a
912898873	PFNp_d(PB01a)_L2_C1	PB slice 2-FB-NO3 posterior domain neuron	neuprint_JRC_Hemibrain_1point1	is_a
758743604	PFNp_d(PB01a)_L3_C2	PB slice 3-FB-NO3 posterior domain neuron	neuprint_JRC_Hemibrain_1point1	is_a
943933727	PFNp_d(PB01a)_L3_C2	PB slice 3-FB-NO3 posterior domain neuron	neuprint_JRC_Hemibrain_1point1	is_a
911219981	PFNp_d(PB01a)_L4_C3	PB slice 4-FB-NO3 posterior domain neuron	neuprint_JRC_Hemibrain_1point1	is_a
911220325	PFNp_d(PB01a)_L4_C3	PB slice 4-FB-NO3 posterior domain neuron	neuprint_JRC_Hemibrain_1point1	is_a
879844133	PFNp_d(PB01a)_L5_C4	PB slice 5-FB-NO3 posterior domain neuron	neuprint_JRC_Hemibrain_1point1	is_a
879844178	PFNp_d(PB01a)_L5_C4	PB slice 5-FB-NO3 posterior domain neuron	neuprint_JRC_Hemibrain_1point1	is_a
849162653	PFNp_d(PB01a)_L6_C5	PB slice 6-FB-NO3 posterior domain neuron	neuprint_JRC_Hemibrain_1point1	is_a
1442556708	PFNp_d(PB01a)_L7_C6	PB slice 7-FB-NO3 posterior domain neuron	neuprint_JRC_Hemibrain_1point1	is_a
5813037879	PFNp_d(PB01a)_L7_C6	PB slice 7-FB-NO3 posterior domain neuron	neuprint_JRC_Hemibrain_1point1	is_a
1442931758	PFNp_d(PB01a)_L8_C7	PB slice 8-FB-NO3 posterior domain neuron	neuprint_JRC_Hemibrain_1point1	is_a
1660789784	PFNp_d(PB01a)_L8_C7	PB slice 8-FB-NO3 posterior domain neuron	neuprint_JRC_Hemibrain_1point1	is_a
1312308001	PFNp_d(PB01a)_L9_C8	PB slice 9-FB-NO3 posterior domain neuron	neuprint_JRC_Hemibrain_1point1	is_a
1534616158	PFNp_d(PB01a)_R2_C9	PB slice 2-FB-NO3 posterior domain neuron	neuprint_JRC_Hemibrain_1point1	is_a
1570806389	PFNp_d(PB01a)_R2_C9	PB slice 2-FB-NO3 posterior domain neuron	neuprint_JRC_Hemibrain_1point1	is_a
1597722005	PFNp_d(PB01a)_R3_C8	PB slice 3-FB-NO3 posterior domain neuron	neuprint_JRC_Hemibrain_1point1	is_a
942539535	PFNp_d(PB01a)_R3_C8	PB slice 3-FB-NO3 posterior domain neuron	neuprint_JRC_Hemibrain_1point1	is_a
1472520245	PFNp_d(PB01a)_R4_C7	PB slice 4-FB-NO3 posterior domain neuron	neuprint_JRC_Hemibrain_1point1	is_a
5812991545	PFNp_d(PB01a)_R4_C7	PB slice 4-FB-NO3 posterior domain neuron	neuprint_JRC_Hemibrain_1point1	is_a
1410801066	PFNp_d(PB01a)_R5_C6	PB slice 5-FB-NO3 posterior domain neuron	neuprint_JRC_Hemibrain_1point1	is_a
1473241269	PFNp_d(PB01a)_R5_C6	PB slice 5-FB-NO3 posterior domain neuron	neuprint_JRC_Hemibrain_1point1	is_a
1287411513	PFNp_d(PB01a)_R6_C5	PB slice 6-FB-NO3 posterior domain neuron	neuprint_JRC_Hemibrain_1point1	is_a
1410450576	PFNp_d(PB01a)_R6_C5	PB slice 6-FB-NO3 posterior domain neuron	neuprint_JRC_Hemibrain_1point1	is_a
1380408769	PFNp_d(PB01a)_R7_C4	PB slice 7-FB-NO3 posterior domain neuron	neuprint_JRC_Hemibrain_1point1	is_a
1188043606	PFNp_d(PB01a)_R8_C3	PB slice 8-FB-NO3 posterior domain neuron	neuprint_JRC_Hemibrain_1point1	is_a
1249102842	PFNp_d(PB01a)_R8_C3	PB slice 8-FB-NO3 posterior domain neuron	neuprint_JRC_Hemibrain_1point1	is_a
1248765883	PFNp_d(PB01a)_R9_C2	PB slice 9-FB-NO3 posterior domain neuron	neuprint_JRC_Hemibrain_1point1	is_a
1249763369	PFNp_d(PB01a)_R9_C2	PB slice 9-FB-NO3 posterior domain neuron	neuprint_JRC_Hemibrain_1point1	is_a
913235746	PFNp_e(PB01a)_L2_C1	PB slice 2-FB-NO3 posterior domain neuron	neuprint_JRC_Hemibrain_1point1	is_a
1660776511	PFNp_e(PB01a)_L3_C2	PB slice 3-FB-NO3 posterior domain neuron	neuprint_JRC_Hemibrain_1point1	is_a
912238927	PFNp_e(PB01a)_L4_C3	PB slice 4-FB-NO3 posterior domain neuron	neuprint_JRC_Hemibrain_1point1	is_a
942254492	PFNp_e(PB01a)_L4_C3	PB slice 4-FB-NO3 posterior domain neuron	neuprint_JRC_Hemibrain_1point1	is_a
1661122416	PFNp_e(PB01a)_L5_C4	PB slice 5-FB-NO3 posterior domain neuron	neuprint_JRC_Hemibrain_1point1	is_a
1256376704	PFNp_e(PB01a)_L6_C5	PB slice 6-FB-NO3 posterior domain neuron	neuprint_JRC_Hemibrain_1point1	is_a
1472537557	PFNp_e(PB01a)_L6_C5	PB slice 6-FB-NO3 posterior domain neuron	neuprint_JRC_Hemibrain_1point1	is_a
693979726	PFNp_e(PB01a)_L7_C6	PB slice 7-FB-NO3 posterior domain neuron	neuprint_JRC_Hemibrain_1point1	is_a
1158507458	PFNp_e(PB01a)_L8_C7	PB slice 8-FB-NO3 posterior domain neuron	neuprint_JRC_Hemibrain_1point1	is_a
1251269930	PFNp_e(PB01a)_L9_C8	PB slice 9-FB-NO3 posterior domain neuron	neuprint_JRC_Hemibrain_1point1	is_a
1629093706	PFNp_e(PB01a)_R2_C9	PB slice 2-FB-NO3 posterior domain neuron	neuprint_JRC_Hemibrain_1point1	is_a
1628744095	PFNp_e(PB01a)_R3_C8	PB slice 3-FB-NO3 posterior domain neuron	neuprint_JRC_Hemibrain_1point1	is_a
1410105306	PFNp_e(PB01a)_R4_C7	PB slice 4-FB-NO3 posterior domain neuron	neuprint_JRC_Hemibrain_1point1	is_a
1441486002	PFNp_e(PB01a)_R4_C7	PB slice 4-FB-NO3 posterior domain neuron	neuprint_JRC_Hemibrain_1point1	is_a
786679162	PFNp_e(PB01a)_R5_C6	PB slice 5-FB-NO3 posterior domain neuron	neuprint_JRC_Hemibrain_1point1	is_a
1441485464	PFNp_e(PB01a)_R6_C5	PB slice 6-FB-NO3 posterior domain neuron	neuprint_JRC_Hemibrain_1point1	is_a
847712250	PFNp_e(PB01a)_R6_C5	PB slice 6-FB-NO3 posterior domain neuron	neuprint_JRC_Hemibrain_1point1	is_a
940808800	PFNp_e(PB01a)_R7_C4	PB slice 7-FB-NO3 posterior domain neuron	neuprint_JRC_Hemibrain_1point1	is_a
1126310716	PFNp_e(PB01a)_R8_C3	PB slice 8-FB-NO3 posterior domain neuron	neuprint_JRC_Hemibrain_1point1	is_a
1157000178	PFNp_e(PB01a)_R8_C3	PB slice 8-FB-NO3 posterior domain neuron	neuprint_JRC_Hemibrain_1point1	is_a
1250113288	PFNp_e(PB01a)_R9_C2	PB slice 9-FB-NO3 posterior domain neuron	neuprint_JRC_Hemibrain_1point1	is_a
1322522242	PFR_a(PB11a)_L1_C9_irreg	PB slice 1-FB layers 3-5-IDFP RB neuron	neuprint_JRC_Hemibrain_1point1	is_a
974606303	PFR_a(PB11a)_L1_C9_irreg	PB slice 1-FB layers 3-5-IDFP RB neuron	neuprint_JRC_Hemibrain_1point1	is_a
973954598	PFR_a(PB11a)_L3_C3	PB slice 2-FB layers 3-5-IDFP RB neuron	neuprint_JRC_Hemibrain_1point1	is_a
974645472	PFR_a(PB11a)_L3_C3	PB slice 2-FB layers 3-5-IDFP RB neuron	neuprint_JRC_Hemibrain_1point1	is_a
727376283	PFR_a(PB11a)_L4_C4	PB slice 3-FB layers 3-5-IDFP RB neuron	neuprint_JRC_Hemibrain_1point1	is_a
789121913	PFR_a(PB11a)_L4_C4	PB slice 3-FB layers 3-5-IDFP RB neuron	neuprint_JRC_Hemibrain_1point1	is_a
1008041969	PFR_a(PB11a)_L5_C5	PB slice 4-FB layers 3-5-IDFP RB neuron	neuprint_JRC_Hemibrain_1point1	is_a
1195606601	PFR_a(PB11a)_L5_C5	PB slice 4-FB layers 3-5-IDFP RB neuron	neuprint_JRC_Hemibrain_1point1	is_a
1072503172	PFR_a(PB11a)_L6_C6	PB slice 5-FB layers 3-5-IDFP RB neuron	neuprint_JRC_Hemibrain_1point1	is_a
1072844208	PFR_a(PB11a)_L6_C7	PB slice 5-FB layers 3-5-IDFP RB neuron	neuprint_JRC_Hemibrain_1point1	is_a
5813062805	PFR_a(PB11a)_L7_C7	PB slice 6-FB layers 3-5-IDFP RB neuron	neuprint_JRC_Hemibrain_1point1	is_a
1259097611	PFR_a(PB11a)_L8_C8	PB slice 7-FB layers 3-5-IDFP RB neuron	neuprint_JRC_Hemibrain_1point1	is_a
882200934	PFR_a(PB11a)_R1_C1_irreg	PB slice 1-FB layers 3-5-IDFP RB neuron	neuprint_JRC_Hemibrain_1point1	is_a
943921162	PFR_a(PB11a)_R1_C1_irreg	PB slice 1-FB layers 3-5-IDFP RB neuron	neuprint_JRC_Hemibrain_1point1	is_a
1133566834	PFR_a(PB11a)_R3_C7	PB slice 2-FB layers 3-5-IDFP RB neuron	neuprint_JRC_Hemibrain_1point1	is_a
1164269666	PFR_a(PB11a)_R3_C7	PB slice 2-FB layers 3-5-IDFP RB neuron	neuprint_JRC_Hemibrain_1point1	is_a
1036296133	PFR_a(PB11a)_R4_C6	PB slice 3-FB layers 3-5-IDFP RB neuron	neuprint_JRC_Hemibrain_1point1	is_a
5812983764	PFR_a(PB11a)_R4_C6	PB slice 3-FB layers 3-5-IDFP RB neuron	neuprint_JRC_Hemibrain_1point1	is_a
972858260	PFR_a(PB11a)_R5_C5	PB slice 4-FB layers 3-5-IDFP RB neuron	neuprint_JRC_Hemibrain_1point1	is_a
976997968	PFR_a(PB11a)_R5_C5	PB slice 4-FB layers 3-5-IDFP RB neuron	neuprint_JRC_Hemibrain_1point1	is_a
5813016830	PFR_a(PB11a)_R6_C3	PB slice 5-FB layers 3-5-IDFP RB neuron	neuprint_JRC_Hemibrain_1point1	is_a
911802614	PFR_a(PB11a)_R6_C4	PB slice 5-FB layers 3-5-IDFP RB neuron	neuprint_JRC_Hemibrain_1point1	is_a
1167956458	PFR_a(PB11a)_R7_C3	PB slice 6-FB layers 3-5-IDFP RB neuron	neuprint_JRC_Hemibrain_1point1	is_a
1168314368	PFR_a(PB11a)_R8_C2	PB slice 7-FB layers 3-5-IDFP RB neuron	neuprint_JRC_Hemibrain_1point1	is_a
