subject_external_id	object_external_id	weight	subject_external_db	object_external_db	relation
1324365879	5813057579	247	neuprint_JRC_Hemibrain_1point1	neuprint_JRC_Hemibrain_1point1	synapsed_to
1324365879	1540241926	225	neuprint_JRC_Hemibrain_1point1	neuprint_JRC_Hemibrain_1point1	synapsed_to
1324365879	1449486007	166	neuprint_JRC_Hemibrain_1point1	neuprint_JRC_Hemibrain_1point1	synapsed_to
1324365879	1435791739	154	neuprint_JRC_Hemibrain_1point1	neuprint_JRC_Hemibrain_1point1	synapsed_to
1324365879	1480525262	133	neuprint_JRC_Hemibrain_1point1	neuprint_JRC_Hemibrain_1point1	synapsed_to
1324365879	1374063129	111	neuprint_JRC_Hemibrain_1point1	neuprint_JRC_Hemibrain_1point1	synapsed_to
1324365879	5812987694	108	neuprint_JRC_Hemibrain_1point1	neuprint_JRC_Hemibrain_1point1	synapsed_to
1324365879	5813033371	92	neuprint_JRC_Hemibrain_1point1	neuprint_JRC_Hemibrain_1point1	synapsed_to
1324365879	5813050499	88	neuprint_JRC_Hemibrain_1point1	neuprint_JRC_Hemibrain_1point1	synapsed_to
1324365879	950880008	79	neuprint_JRC_Hemibrain_1point1	neuprint_JRC_Hemibrain_1point1	synapsed_to
1324365879	1135441187	78	neuprint_JRC_Hemibrain_1point1	neuprint_JRC_Hemibrain_1point1	synapsed_to
1324365879	1168543037	71	neuprint_JRC_Hemibrain_1point1	neuprint_JRC_Hemibrain_1point1	synapsed_to
1324365879	859839499	60	neuprint_JRC_Hemibrain_1point1	neuprint_JRC_Hemibrain_1point1	synapsed_to
1324365879	915105429	54	neuprint_JRC_Hemibrain_1point1	neuprint_JRC_Hemibrain_1point1	synapsed_to
1324365879	5813059915	51	neuprint_JRC_Hemibrain_1point1	neuprint_JRC_Hemibrain_1point1	synapsed_to
1324365879	1290961410	46	neuprint_JRC_Hemibrain_1point1	neuprint_JRC_Hemibrain_1point1	synapsed_to
1324365879	1352676969	46	neuprint_JRC_Hemibrain_1point1	neuprint_JRC_Hemibrain_1point1	synapsed_to
1324365879	5813098368	46	neuprint_JRC_Hemibrain_1point1	neuprint_JRC_Hemibrain_1point1	synapsed_to
1324365879	1355697813	39	neuprint_JRC_Hemibrain_1point1	neuprint_JRC_Hemibrain_1point1	synapsed_to
1324365879	1419162574	39	neuprint_JRC_Hemibrain_1point1	neuprint_JRC_Hemibrain_1point1	synapsed_to
1324365879	1753449164	38	neuprint_JRC_Hemibrain_1point1	neuprint_JRC_Hemibrain_1point1	synapsed_to
1324365879	5813075697	38	neuprint_JRC_Hemibrain_1point1	neuprint_JRC_Hemibrain_1point1	synapsed_to
1324365879	447228814	36	neuprint_JRC_Hemibrain_1point1	neuprint_JRC_Hemibrain_1point1	synapsed_to
1324365879	5813080260	34	neuprint_JRC_Hemibrain_1point1	neuprint_JRC_Hemibrain_1point1	synapsed_to
1324365879	1785827281	33	neuprint_JRC_Hemibrain_1point1	neuprint_JRC_Hemibrain_1point1	synapsed_to
1324365879	1354394414	31	neuprint_JRC_Hemibrain_1point1	neuprint_JRC_Hemibrain_1point1	synapsed_to
1324365879	1480520765	31	neuprint_JRC_Hemibrain_1point1	neuprint_JRC_Hemibrain_1point1	synapsed_to
1324365879	1229197848	30	neuprint_JRC_Hemibrain_1point1	neuprint_JRC_Hemibrain_1point1	synapsed_to
1324365879	5813054347	30	neuprint_JRC_Hemibrain_1point1	neuprint_JRC_Hemibrain_1point1	synapsed_to
1324365879	1539193374	29	neuprint_JRC_Hemibrain_1point1	neuprint_JRC_Hemibrain_1point1	synapsed_to
1324365879	1169178299	27	neuprint_JRC_Hemibrain_1point1	neuprint_JRC_Hemibrain_1point1	synapsed_to
1324365879	1443804853	27	neuprint_JRC_Hemibrain_1point1	neuprint_JRC_Hemibrain_1point1	synapsed_to
1324365879	1541277224	27	neuprint_JRC_Hemibrain_1point1	neuprint_JRC_Hemibrain_1point1	synapsed_to
1324365879	1480857786	26	neuprint_JRC_Hemibrain_1point1	neuprint_JRC_Hemibrain_1point1	synapsed_to
1324365879	1539496112	26	neuprint_JRC_Hemibrain_1point1	neuprint_JRC_Hemibrain_1point1	synapsed_to
1324365879	1166186949	25	neuprint_JRC_Hemibrain_1point1	neuprint_JRC_Hemibrain_1point1	synapsed_to
1324365879	1597208095	25	neuprint_JRC_Hemibrain_1point1	neuprint_JRC_Hemibrain_1point1	synapsed_to
1324365879	1882316655	25	neuprint_JRC_Hemibrain_1point1	neuprint_JRC_Hemibrain_1point1	synapsed_to
1324365879	5813021112	25	neuprint_JRC_Hemibrain_1point1	neuprint_JRC_Hemibrain_1point1	synapsed_to
1324365879	5813054384	25	neuprint_JRC_Hemibrain_1point1	neuprint_JRC_Hemibrain_1point1	synapsed_to
1324365879	1420177536	23	neuprint_JRC_Hemibrain_1point1	neuprint_JRC_Hemibrain_1point1	synapsed_to
1324365879	1661666630	23	neuprint_JRC_Hemibrain_1point1	neuprint_JRC_Hemibrain_1point1	synapsed_to
1324365879	1043700892	22	neuprint_JRC_Hemibrain_1point1	neuprint_JRC_Hemibrain_1point1	synapsed_to
1324365879	1446101389	22	neuprint_JRC_Hemibrain_1point1	neuprint_JRC_Hemibrain_1point1	synapsed_to
1324365879	1474424990	22	neuprint_JRC_Hemibrain_1point1	neuprint_JRC_Hemibrain_1point1	synapsed_to
1324365879	1042724993	21	neuprint_JRC_Hemibrain_1point1	neuprint_JRC_Hemibrain_1point1	synapsed_to
1324365879	1417120952	21	neuprint_JRC_Hemibrain_1point1	neuprint_JRC_Hemibrain_1point1	synapsed_to
1324365879	1449835055	21	neuprint_JRC_Hemibrain_1point1	neuprint_JRC_Hemibrain_1point1	synapsed_to
1324365879	1661273656	21	neuprint_JRC_Hemibrain_1point1	neuprint_JRC_Hemibrain_1point1	synapsed_to
1324365879	1012289976	20	neuprint_JRC_Hemibrain_1point1	neuprint_JRC_Hemibrain_1point1	synapsed_to
1324365879	1012954687	20	neuprint_JRC_Hemibrain_1point1	neuprint_JRC_Hemibrain_1point1	synapsed_to
1324365879	1133334809	20	neuprint_JRC_Hemibrain_1point1	neuprint_JRC_Hemibrain_1point1	synapsed_to
1324365879	1221285128	20	neuprint_JRC_Hemibrain_1point1	neuprint_JRC_Hemibrain_1point1	synapsed_to
1324365879	1353031856	20	neuprint_JRC_Hemibrain_1point1	neuprint_JRC_Hemibrain_1point1	synapsed_to
1324365879	1380680745	20	neuprint_JRC_Hemibrain_1point1	neuprint_JRC_Hemibrain_1point1	synapsed_to
1324365879	1535086505	20	neuprint_JRC_Hemibrain_1point1	neuprint_JRC_Hemibrain_1point1	synapsed_to
1324365879	1413464254	19	neuprint_JRC_Hemibrain_1point1	neuprint_JRC_Hemibrain_1point1	synapsed_to
1324365879	1415808221	19	neuprint_JRC_Hemibrain_1point1	neuprint_JRC_Hemibrain_1point1	synapsed_to
1324365879	5813044638	18	neuprint_JRC_Hemibrain_1point1	neuprint_JRC_Hemibrain_1point1	synapsed_to
1324365879	1067240551	17	neuprint_JRC_Hemibrain_1point1	neuprint_JRC_Hemibrain_1point1	synapsed_to
1324365879	1506440282	17	neuprint_JRC_Hemibrain_1point1	neuprint_JRC_Hemibrain_1point1	synapsed_to
1324365879	1511593574	17	neuprint_JRC_Hemibrain_1point1	neuprint_JRC_Hemibrain_1point1	synapsed_to
1324365879	1406911688	16	neuprint_JRC_Hemibrain_1point1	neuprint_JRC_Hemibrain_1point1	synapsed_to
1324365879	1479185968	16	neuprint_JRC_Hemibrain_1point1	neuprint_JRC_Hemibrain_1point1	synapsed_to
1324365879	1504428248	16	neuprint_JRC_Hemibrain_1point1	neuprint_JRC_Hemibrain_1point1	synapsed_to
1324365879	5813027276	16	neuprint_JRC_Hemibrain_1point1	neuprint_JRC_Hemibrain_1point1	synapsed_to
1324365879	1012622865	15	neuprint_JRC_Hemibrain_1point1	neuprint_JRC_Hemibrain_1point1	synapsed_to
1324365879	1319993169	15	neuprint_JRC_Hemibrain_1point1	neuprint_JRC_Hemibrain_1point1	synapsed_to
1324365879	1385740486	15	neuprint_JRC_Hemibrain_1point1	neuprint_JRC_Hemibrain_1point1	synapsed_to
1324365879	1480525278	15	neuprint_JRC_Hemibrain_1point1	neuprint_JRC_Hemibrain_1point1	synapsed_to
1324365879	1633686836	15	neuprint_JRC_Hemibrain_1point1	neuprint_JRC_Hemibrain_1point1	synapsed_to
1324365879	1635397292	15	neuprint_JRC_Hemibrain_1point1	neuprint_JRC_Hemibrain_1point1	synapsed_to
1324365879	1690694192	15	neuprint_JRC_Hemibrain_1point1	neuprint_JRC_Hemibrain_1point1	synapsed_to
1324365879	890883360	14	neuprint_JRC_Hemibrain_1point1	neuprint_JRC_Hemibrain_1point1	synapsed_to
1324365879	1136752885	14	neuprint_JRC_Hemibrain_1point1	neuprint_JRC_Hemibrain_1point1	synapsed_to
1324365879	673639143	13	neuprint_JRC_Hemibrain_1point1	neuprint_JRC_Hemibrain_1point1	synapsed_to
1324365879	792326206	13	neuprint_JRC_Hemibrain_1point1	neuprint_JRC_Hemibrain_1point1	synapsed_to
1324365879	1073729578	13	neuprint_JRC_Hemibrain_1point1	neuprint_JRC_Hemibrain_1point1	synapsed_to
1324365879	1290990807	13	neuprint_JRC_Hemibrain_1point1	neuprint_JRC_Hemibrain_1point1	synapsed_to
1324365879	1449848294	13	neuprint_JRC_Hemibrain_1point1	neuprint_JRC_Hemibrain_1point1	synapsed_to
1324365879	1479147574	13	neuprint_JRC_Hemibrain_1point1	neuprint_JRC_Hemibrain_1point1	synapsed_to
1324365879	1535082316	13	neuprint_JRC_Hemibrain_1point1	neuprint_JRC_Hemibrain_1point1	synapsed_to
1324365879	1628973439	13	neuprint_JRC_Hemibrain_1point1	neuprint_JRC_Hemibrain_1point1	synapsed_to
1324365879	1656864792	13	neuprint_JRC_Hemibrain_1point1	neuprint_JRC_Hemibrain_1point1	synapsed_to
1324365879	1730547962	13	neuprint_JRC_Hemibrain_1point1	neuprint_JRC_Hemibrain_1point1	synapsed_to
1324365879	1378251040	12	neuprint_JRC_Hemibrain_1point1	neuprint_JRC_Hemibrain_1point1	synapsed_to
1324365879	1510562557	12	neuprint_JRC_Hemibrain_1point1	neuprint_JRC_Hemibrain_1point1	synapsed_to
1324365879	1537130680	12	neuprint_JRC_Hemibrain_1point1	neuprint_JRC_Hemibrain_1point1	synapsed_to
1324365879	1690698128	12	neuprint_JRC_Hemibrain_1point1	neuprint_JRC_Hemibrain_1point1	synapsed_to
1324365879	1720333334	12	neuprint_JRC_Hemibrain_1point1	neuprint_JRC_Hemibrain_1point1	synapsed_to
1324365879	2070222337	12	neuprint_JRC_Hemibrain_1point1	neuprint_JRC_Hemibrain_1point1	synapsed_to
1324365879	5901212033	12	neuprint_JRC_Hemibrain_1point1	neuprint_JRC_Hemibrain_1point1	synapsed_to
1324365879	701201945	11	neuprint_JRC_Hemibrain_1point1	neuprint_JRC_Hemibrain_1point1	synapsed_to
1324365879	764377593	11	neuprint_JRC_Hemibrain_1point1	neuprint_JRC_Hemibrain_1point1	synapsed_to
1324365879	951916894	11	neuprint_JRC_Hemibrain_1point1	neuprint_JRC_Hemibrain_1point1	synapsed_to
1324365879	1040013335	11	neuprint_JRC_Hemibrain_1point1	neuprint_JRC_Hemibrain_1point1	synapsed_to
1324365879	1134482718	11	neuprint_JRC_Hemibrain_1point1	neuprint_JRC_Hemibrain_1point1	synapsed_to
1324365879	1603957106	11	neuprint_JRC_Hemibrain_1point1	neuprint_JRC_Hemibrain_1point1	synapsed_to
1324365879	2099889449	11	neuprint_JRC_Hemibrain_1point1	neuprint_JRC_Hemibrain_1point1	synapsed_to
1324365879	5813060176	11	neuprint_JRC_Hemibrain_1point1	neuprint_JRC_Hemibrain_1point1	synapsed_to
1324365879	638829946	10	neuprint_JRC_Hemibrain_1point1	neuprint_JRC_Hemibrain_1point1	synapsed_to
1324365879	1074160595	10	neuprint_JRC_Hemibrain_1point1	neuprint_JRC_Hemibrain_1point1	synapsed_to
1324365879	1434949542	10	neuprint_JRC_Hemibrain_1point1	neuprint_JRC_Hemibrain_1point1	synapsed_to
1324365879	1480520817	10	neuprint_JRC_Hemibrain_1point1	neuprint_JRC_Hemibrain_1point1	synapsed_to
1324365879	1630230506	10	neuprint_JRC_Hemibrain_1point1	neuprint_JRC_Hemibrain_1point1	synapsed_to
1324365879	1630342162	10	neuprint_JRC_Hemibrain_1point1	neuprint_JRC_Hemibrain_1point1	synapsed_to
1324365879	1658040290	10	neuprint_JRC_Hemibrain_1point1	neuprint_JRC_Hemibrain_1point1	synapsed_to
1324365879	1753116913	10	neuprint_JRC_Hemibrain_1point1	neuprint_JRC_Hemibrain_1point1	synapsed_to
1324365879	2009184596	10	neuprint_JRC_Hemibrain_1point1	neuprint_JRC_Hemibrain_1point1	synapsed_to
1324365879	2068863008	10	neuprint_JRC_Hemibrain_1point1	neuprint_JRC_Hemibrain_1point1	synapsed_to
1324365879	2349505897	10	neuprint_JRC_Hemibrain_1point1	neuprint_JRC_Hemibrain_1point1	synapsed_to
1324365879	5812989875	10	neuprint_JRC_Hemibrain_1point1	neuprint_JRC_Hemibrain_1point1	synapsed_to
1324365879	858838467	9	neuprint_JRC_Hemibrain_1point1	neuprint_JRC_Hemibrain_1point1	synapsed_to
1324365879	1044377644	9	neuprint_JRC_Hemibrain_1point1	neuprint_JRC_Hemibrain_1point1	synapsed_to
1324365879	1414435283	9	neuprint_JRC_Hemibrain_1point1	neuprint_JRC_Hemibrain_1point1	synapsed_to
1324365879	1480532936	9	neuprint_JRC_Hemibrain_1point1	neuprint_JRC_Hemibrain_1point1	synapsed_to
1324365879	1532034864	9	neuprint_JRC_Hemibrain_1point1	neuprint_JRC_Hemibrain_1point1	synapsed_to
1324365879	1570249860	9	neuprint_JRC_Hemibrain_1point1	neuprint_JRC_Hemibrain_1point1	synapsed_to
1324365879	1846874089	9	neuprint_JRC_Hemibrain_1point1	neuprint_JRC_Hemibrain_1point1	synapsed_to
1324365879	1882639614	9	neuprint_JRC_Hemibrain_1point1	neuprint_JRC_Hemibrain_1point1	synapsed_to
1324365879	2031343357	9	neuprint_JRC_Hemibrain_1point1	neuprint_JRC_Hemibrain_1point1	synapsed_to
1324365879	5813000683	9	neuprint_JRC_Hemibrain_1point1	neuprint_JRC_Hemibrain_1point1	synapsed_to
1324365879	5813056757	9	neuprint_JRC_Hemibrain_1point1	neuprint_JRC_Hemibrain_1point1	synapsed_to
1324365879	950888882	8	neuprint_JRC_Hemibrain_1point1	neuprint_JRC_Hemibrain_1point1	synapsed_to
1324365879	951934183	8	neuprint_JRC_Hemibrain_1point1	neuprint_JRC_Hemibrain_1point1	synapsed_to
1324365879	1167796848	8	neuprint_JRC_Hemibrain_1point1	neuprint_JRC_Hemibrain_1point1	synapsed_to
1324365879	1198844575	8	neuprint_JRC_Hemibrain_1point1	neuprint_JRC_Hemibrain_1point1	synapsed_to
1324365879	1289285572	8	neuprint_JRC_Hemibrain_1point1	neuprint_JRC_Hemibrain_1point1	synapsed_to
1324365879	1292635448	8	neuprint_JRC_Hemibrain_1point1	neuprint_JRC_Hemibrain_1point1	synapsed_to
1324365879	1346900360	8	neuprint_JRC_Hemibrain_1point1	neuprint_JRC_Hemibrain_1point1	synapsed_to
1324365879	1448479579	8	neuprint_JRC_Hemibrain_1point1	neuprint_JRC_Hemibrain_1point1	synapsed_to
1324365879	1477148598	8	neuprint_JRC_Hemibrain_1point1	neuprint_JRC_Hemibrain_1point1	synapsed_to
1324365879	1477161691	8	neuprint_JRC_Hemibrain_1point1	neuprint_JRC_Hemibrain_1point1	synapsed_to
1324365879	1604698471	8	neuprint_JRC_Hemibrain_1point1	neuprint_JRC_Hemibrain_1point1	synapsed_to
1324365879	1635725024	8	neuprint_JRC_Hemibrain_1point1	neuprint_JRC_Hemibrain_1point1	synapsed_to
1324365879	1659590563	8	neuprint_JRC_Hemibrain_1point1	neuprint_JRC_Hemibrain_1point1	synapsed_to
1324365879	1757477299	8	neuprint_JRC_Hemibrain_1point1	neuprint_JRC_Hemibrain_1point1	synapsed_to
1324365879	2070239660	8	neuprint_JRC_Hemibrain_1point1	neuprint_JRC_Hemibrain_1point1	synapsed_to
1324365879	5813063087	8	neuprint_JRC_Hemibrain_1point1	neuprint_JRC_Hemibrain_1point1	synapsed_to
1324365879	581603800	7	neuprint_JRC_Hemibrain_1point1	neuprint_JRC_Hemibrain_1point1	synapsed_to
1324365879	609173201	7	neuprint_JRC_Hemibrain_1point1	neuprint_JRC_Hemibrain_1point1	synapsed_to
1324365879	766389431	7	neuprint_JRC_Hemibrain_1point1	neuprint_JRC_Hemibrain_1point1	synapsed_to
1324365879	857793013	7	neuprint_JRC_Hemibrain_1point1	neuprint_JRC_Hemibrain_1point1	synapsed_to
1324365879	1044343952	7	neuprint_JRC_Hemibrain_1point1	neuprint_JRC_Hemibrain_1point1	synapsed_to
1324365879	1137499637	7	neuprint_JRC_Hemibrain_1point1	neuprint_JRC_Hemibrain_1point1	synapsed_to
1324365879	1220270134	7	neuprint_JRC_Hemibrain_1point1	neuprint_JRC_Hemibrain_1point1	synapsed_to
1324365879	1321564092	7	neuprint_JRC_Hemibrain_1point1	neuprint_JRC_Hemibrain_1point1	synapsed_to
1324365879	1355750084	7	neuprint_JRC_Hemibrain_1point1	neuprint_JRC_Hemibrain_1point1	synapsed_to
1324365879	1356760143	7	neuprint_JRC_Hemibrain_1point1	neuprint_JRC_Hemibrain_1point1	synapsed_to
1324365879	1447815025	7	neuprint_JRC_Hemibrain_1point1	neuprint_JRC_Hemibrain_1point1	synapsed_to
1324365879	1477166538	7	neuprint_JRC_Hemibrain_1point1	neuprint_JRC_Hemibrain_1point1	synapsed_to
1324365879	1512630340	7	neuprint_JRC_Hemibrain_1point1	neuprint_JRC_Hemibrain_1point1	synapsed_to
1324365879	1602237544	7	neuprint_JRC_Hemibrain_1point1	neuprint_JRC_Hemibrain_1point1	synapsed_to
1324365879	1630281172	7	neuprint_JRC_Hemibrain_1point1	neuprint_JRC_Hemibrain_1point1	synapsed_to
1324365879	1630683107	7	neuprint_JRC_Hemibrain_1point1	neuprint_JRC_Hemibrain_1point1	synapsed_to
1324365879	1690706380	7	neuprint_JRC_Hemibrain_1point1	neuprint_JRC_Hemibrain_1point1	synapsed_to
1324365879	1694760595	7	neuprint_JRC_Hemibrain_1point1	neuprint_JRC_Hemibrain_1point1	synapsed_to
1324365879	1698800347	7	neuprint_JRC_Hemibrain_1point1	neuprint_JRC_Hemibrain_1point1	synapsed_to
1324365879	5812980291	7	neuprint_JRC_Hemibrain_1point1	neuprint_JRC_Hemibrain_1point1	synapsed_to
1324365879	5813079584	7	neuprint_JRC_Hemibrain_1point1	neuprint_JRC_Hemibrain_1point1	synapsed_to
1324365879	416876055	6	neuprint_JRC_Hemibrain_1point1	neuprint_JRC_Hemibrain_1point1	synapsed_to
1324365879	517086196	6	neuprint_JRC_Hemibrain_1point1	neuprint_JRC_Hemibrain_1point1	synapsed_to
1324365879	858453703	6	neuprint_JRC_Hemibrain_1point1	neuprint_JRC_Hemibrain_1point1	synapsed_to
1324365879	883479122	6	neuprint_JRC_Hemibrain_1point1	neuprint_JRC_Hemibrain_1point1	synapsed_to
1324365879	979627466	6	neuprint_JRC_Hemibrain_1point1	neuprint_JRC_Hemibrain_1point1	synapsed_to
1324365879	981194127	6	neuprint_JRC_Hemibrain_1point1	neuprint_JRC_Hemibrain_1point1	synapsed_to
1324365879	1041680398	6	neuprint_JRC_Hemibrain_1point1	neuprint_JRC_Hemibrain_1point1	synapsed_to
1324365879	1106093869	6	neuprint_JRC_Hemibrain_1point1	neuprint_JRC_Hemibrain_1point1	synapsed_to
1324365879	1138855577	6	neuprint_JRC_Hemibrain_1point1	neuprint_JRC_Hemibrain_1point1	synapsed_to
1324365879	1199517654	6	neuprint_JRC_Hemibrain_1point1	neuprint_JRC_Hemibrain_1point1	synapsed_to
1324365879	1228877958	6	neuprint_JRC_Hemibrain_1point1	neuprint_JRC_Hemibrain_1point1	synapsed_to
1324365879	1321352281	6	neuprint_JRC_Hemibrain_1point1	neuprint_JRC_Hemibrain_1point1	synapsed_to
1324365879	1353359159	6	neuprint_JRC_Hemibrain_1point1	neuprint_JRC_Hemibrain_1point1	synapsed_to
1324365879	1417810944	6	neuprint_JRC_Hemibrain_1point1	neuprint_JRC_Hemibrain_1point1	synapsed_to
1324365879	1419136775	6	neuprint_JRC_Hemibrain_1point1	neuprint_JRC_Hemibrain_1point1	synapsed_to
1324365879	1419141364	6	neuprint_JRC_Hemibrain_1point1	neuprint_JRC_Hemibrain_1point1	synapsed_to
1324365879	1419162874	6	neuprint_JRC_Hemibrain_1point1	neuprint_JRC_Hemibrain_1point1	synapsed_to
1324365879	1479492693	6	neuprint_JRC_Hemibrain_1point1	neuprint_JRC_Hemibrain_1point1	synapsed_to
1324365879	1573336031	6	neuprint_JRC_Hemibrain_1point1	neuprint_JRC_Hemibrain_1point1	synapsed_to
1324365879	1597908742	6	neuprint_JRC_Hemibrain_1point1	neuprint_JRC_Hemibrain_1point1	synapsed_to
1324365879	1603645798	6	neuprint_JRC_Hemibrain_1point1	neuprint_JRC_Hemibrain_1point1	synapsed_to
1324365879	1691992939	6	neuprint_JRC_Hemibrain_1point1	neuprint_JRC_Hemibrain_1point1	synapsed_to
1324365879	1721395841	6	neuprint_JRC_Hemibrain_1point1	neuprint_JRC_Hemibrain_1point1	synapsed_to
1324365879	2039865821	6	neuprint_JRC_Hemibrain_1point1	neuprint_JRC_Hemibrain_1point1	synapsed_to
1324365879	2103657269	6	neuprint_JRC_Hemibrain_1point1	neuprint_JRC_Hemibrain_1point1	synapsed_to
1324365879	5812987231	6	neuprint_JRC_Hemibrain_1point1	neuprint_JRC_Hemibrain_1point1	synapsed_to
1324365879	5812994231	6	neuprint_JRC_Hemibrain_1point1	neuprint_JRC_Hemibrain_1point1	synapsed_to
1324365879	5813020386	6	neuprint_JRC_Hemibrain_1point1	neuprint_JRC_Hemibrain_1point1	synapsed_to
1324365879	5813038104	6	neuprint_JRC_Hemibrain_1point1	neuprint_JRC_Hemibrain_1point1	synapsed_to
1324365879	5813068559	6	neuprint_JRC_Hemibrain_1point1	neuprint_JRC_Hemibrain_1point1	synapsed_to
1324365879	5813068804	6	neuprint_JRC_Hemibrain_1point1	neuprint_JRC_Hemibrain_1point1	synapsed_to
1324365879	797442049	5	neuprint_JRC_Hemibrain_1point1	neuprint_JRC_Hemibrain_1point1	synapsed_to
1324365879	1068885266	5	neuprint_JRC_Hemibrain_1point1	neuprint_JRC_Hemibrain_1point1	synapsed_to
1324365879	1136502893	5	neuprint_JRC_Hemibrain_1point1	neuprint_JRC_Hemibrain_1point1	synapsed_to
1324365879	1136524135	5	neuprint_JRC_Hemibrain_1point1	neuprint_JRC_Hemibrain_1point1	synapsed_to
1324365879	1199556510	5	neuprint_JRC_Hemibrain_1point1	neuprint_JRC_Hemibrain_1point1	synapsed_to
1324365879	1220299806	5	neuprint_JRC_Hemibrain_1point1	neuprint_JRC_Hemibrain_1point1	synapsed_to
1324365879	1320005828	5	neuprint_JRC_Hemibrain_1point1	neuprint_JRC_Hemibrain_1point1	synapsed_to
1324365879	1320290839	5	neuprint_JRC_Hemibrain_1point1	neuprint_JRC_Hemibrain_1point1	synapsed_to
1324365879	1324715168	5	neuprint_JRC_Hemibrain_1point1	neuprint_JRC_Hemibrain_1point1	synapsed_to
1324365879	1385430156	5	neuprint_JRC_Hemibrain_1point1	neuprint_JRC_Hemibrain_1point1	synapsed_to
1324365879	1387105148	5	neuprint_JRC_Hemibrain_1point1	neuprint_JRC_Hemibrain_1point1	synapsed_to
1324365879	1446762036	5	neuprint_JRC_Hemibrain_1point1	neuprint_JRC_Hemibrain_1point1	synapsed_to
1324365879	1449502965	5	neuprint_JRC_Hemibrain_1point1	neuprint_JRC_Hemibrain_1point1	synapsed_to
1324365879	1477774797	5	neuprint_JRC_Hemibrain_1point1	neuprint_JRC_Hemibrain_1point1	synapsed_to
1324365879	1477800608	5	neuprint_JRC_Hemibrain_1point1	neuprint_JRC_Hemibrain_1point1	synapsed_to
1324365879	1480171146	5	neuprint_JRC_Hemibrain_1point1	neuprint_JRC_Hemibrain_1point1	synapsed_to
1324365879	1480525157	5	neuprint_JRC_Hemibrain_1point1	neuprint_JRC_Hemibrain_1point1	synapsed_to
1324365879	1568181600	5	neuprint_JRC_Hemibrain_1point1	neuprint_JRC_Hemibrain_1point1	synapsed_to
1324365879	1571634471	5	neuprint_JRC_Hemibrain_1point1	neuprint_JRC_Hemibrain_1point1	synapsed_to
1324365879	1629625638	5	neuprint_JRC_Hemibrain_1point1	neuprint_JRC_Hemibrain_1point1	synapsed_to
1324365879	1876565477	5	neuprint_JRC_Hemibrain_1point1	neuprint_JRC_Hemibrain_1point1	synapsed_to
1324365879	1882325087	5	neuprint_JRC_Hemibrain_1point1	neuprint_JRC_Hemibrain_1point1	synapsed_to
1324365879	1976090538	5	neuprint_JRC_Hemibrain_1point1	neuprint_JRC_Hemibrain_1point1	synapsed_to
1324365879	2009861709	5	neuprint_JRC_Hemibrain_1point1	neuprint_JRC_Hemibrain_1point1	synapsed_to
1324365879	2071949565	5	neuprint_JRC_Hemibrain_1point1	neuprint_JRC_Hemibrain_1point1	synapsed_to
1324365879	2102259127	5	neuprint_JRC_Hemibrain_1point1	neuprint_JRC_Hemibrain_1point1	synapsed_to
1324365879	5812987602	5	neuprint_JRC_Hemibrain_1point1	neuprint_JRC_Hemibrain_1point1	synapsed_to
1324365879	5813080282	5	neuprint_JRC_Hemibrain_1point1	neuprint_JRC_Hemibrain_1point1	synapsed_to
1324365879	484359937	4	neuprint_JRC_Hemibrain_1point1	neuprint_JRC_Hemibrain_1point1	synapsed_to
1324365879	737189212	4	neuprint_JRC_Hemibrain_1point1	neuprint_JRC_Hemibrain_1point1	synapsed_to
1324365879	917527702	4	neuprint_JRC_Hemibrain_1point1	neuprint_JRC_Hemibrain_1point1	synapsed_to
1324365879	1070950293	4	neuprint_JRC_Hemibrain_1point1	neuprint_JRC_Hemibrain_1point1	synapsed_to
1324365879	1073354203	4	neuprint_JRC_Hemibrain_1point1	neuprint_JRC_Hemibrain_1point1	synapsed_to
1324365879	1136407269	4	neuprint_JRC_Hemibrain_1point1	neuprint_JRC_Hemibrain_1point1	synapsed_to
1324365879	1137503987	4	neuprint_JRC_Hemibrain_1point1	neuprint_JRC_Hemibrain_1point1	synapsed_to
1324365879	1383383062	4	neuprint_JRC_Hemibrain_1point1	neuprint_JRC_Hemibrain_1point1	synapsed_to
1324365879	1448452947	4	neuprint_JRC_Hemibrain_1point1	neuprint_JRC_Hemibrain_1point1	synapsed_to
1324365879	1449149249	4	neuprint_JRC_Hemibrain_1point1	neuprint_JRC_Hemibrain_1point1	synapsed_to
1324365879	1571246774	4	neuprint_JRC_Hemibrain_1point1	neuprint_JRC_Hemibrain_1point1	synapsed_to
1324365879	1573612290	4	neuprint_JRC_Hemibrain_1point1	neuprint_JRC_Hemibrain_1point1	synapsed_to
1324365879	1599872317	4	neuprint_JRC_Hemibrain_1point1	neuprint_JRC_Hemibrain_1point1	synapsed_to
1324365879	1604698648	4	neuprint_JRC_Hemibrain_1point1	neuprint_JRC_Hemibrain_1point1	synapsed_to
1324365879	1660267880	4	neuprint_JRC_Hemibrain_1point1	neuprint_JRC_Hemibrain_1point1	synapsed_to
1324365879	1660690370	4	neuprint_JRC_Hemibrain_1point1	neuprint_JRC_Hemibrain_1point1	synapsed_to
1324365879	1664097010	4	neuprint_JRC_Hemibrain_1point1	neuprint_JRC_Hemibrain_1point1	synapsed_to
1324365879	1753449224	4	neuprint_JRC_Hemibrain_1point1	neuprint_JRC_Hemibrain_1point1	synapsed_to
1324365879	1754420857	4	neuprint_JRC_Hemibrain_1point1	neuprint_JRC_Hemibrain_1point1	synapsed_to
1324365879	1916080175	4	neuprint_JRC_Hemibrain_1point1	neuprint_JRC_Hemibrain_1point1	synapsed_to
1324365879	1947468557	4	neuprint_JRC_Hemibrain_1point1	neuprint_JRC_Hemibrain_1point1	synapsed_to
1324365879	2099889350	4	neuprint_JRC_Hemibrain_1point1	neuprint_JRC_Hemibrain_1point1	synapsed_to
1324365879	2130242042	4	neuprint_JRC_Hemibrain_1point1	neuprint_JRC_Hemibrain_1point1	synapsed_to
1324365879	5812983831	4	neuprint_JRC_Hemibrain_1point1	neuprint_JRC_Hemibrain_1point1	synapsed_to
1324365879	5812991111	4	neuprint_JRC_Hemibrain_1point1	neuprint_JRC_Hemibrain_1point1	synapsed_to
1324365879	5812991175	4	neuprint_JRC_Hemibrain_1point1	neuprint_JRC_Hemibrain_1point1	synapsed_to
1324365879	5813000781	4	neuprint_JRC_Hemibrain_1point1	neuprint_JRC_Hemibrain_1point1	synapsed_to
1324365879	5813037890	4	neuprint_JRC_Hemibrain_1point1	neuprint_JRC_Hemibrain_1point1	synapsed_to
1324365879	5813038579	4	neuprint_JRC_Hemibrain_1point1	neuprint_JRC_Hemibrain_1point1	synapsed_to
1324365879	5813047467	4	neuprint_JRC_Hemibrain_1point1	neuprint_JRC_Hemibrain_1point1	synapsed_to
1324365879	5813057178	4	neuprint_JRC_Hemibrain_1point1	neuprint_JRC_Hemibrain_1point1	synapsed_to
1324365879	5813065148	4	neuprint_JRC_Hemibrain_1point1	neuprint_JRC_Hemibrain_1point1	synapsed_to
1324365879	5901214683	4	neuprint_JRC_Hemibrain_1point1	neuprint_JRC_Hemibrain_1point1	synapsed_to
1324365879	612634432	3	neuprint_JRC_Hemibrain_1point1	neuprint_JRC_Hemibrain_1point1	synapsed_to
1324365879	634884062	3	neuprint_JRC_Hemibrain_1point1	neuprint_JRC_Hemibrain_1point1	synapsed_to
1324365879	736433303	3	neuprint_JRC_Hemibrain_1point1	neuprint_JRC_Hemibrain_1point1	synapsed_to
1324365879	823058891	3	neuprint_JRC_Hemibrain_1point1	neuprint_JRC_Hemibrain_1point1	synapsed_to
1324365879	828463239	3	neuprint_JRC_Hemibrain_1point1	neuprint_JRC_Hemibrain_1point1	synapsed_to
1324365879	861251038	3	neuprint_JRC_Hemibrain_1point1	neuprint_JRC_Hemibrain_1point1	synapsed_to
1324365879	916479148	3	neuprint_JRC_Hemibrain_1point1	neuprint_JRC_Hemibrain_1point1	synapsed_to
1324365879	947564983	3	neuprint_JRC_Hemibrain_1point1	neuprint_JRC_Hemibrain_1point1	synapsed_to
1324365879	949904655	3	neuprint_JRC_Hemibrain_1point1	neuprint_JRC_Hemibrain_1point1	synapsed_to
1324365879	982968977	3	neuprint_JRC_Hemibrain_1point1	neuprint_JRC_Hemibrain_1point1	synapsed_to
1324365879	1013982515	3	neuprint_JRC_Hemibrain_1point1	neuprint_JRC_Hemibrain_1point1	synapsed_to
1324365879	1014016610	3	neuprint_JRC_Hemibrain_1point1	neuprint_JRC_Hemibrain_1point1	synapsed_to
1324365879	1014344148	3	neuprint_JRC_Hemibrain_1point1	neuprint_JRC_Hemibrain_1point1	synapsed_to
1324365879	1037116172	3	neuprint_JRC_Hemibrain_1point1	neuprint_JRC_Hemibrain_1point1	synapsed_to
1324365879	1072059176	3	neuprint_JRC_Hemibrain_1point1	neuprint_JRC_Hemibrain_1point1	synapsed_to
1324365879	1073691439	3	neuprint_JRC_Hemibrain_1point1	neuprint_JRC_Hemibrain_1point1	synapsed_to
1324365879	1074674316	3	neuprint_JRC_Hemibrain_1point1	neuprint_JRC_Hemibrain_1point1	synapsed_to
1324365879	1075062749	3	neuprint_JRC_Hemibrain_1point1	neuprint_JRC_Hemibrain_1point1	synapsed_to
1324365879	1105169664	3	neuprint_JRC_Hemibrain_1point1	neuprint_JRC_Hemibrain_1point1	synapsed_to
1324365879	1168487432	3	neuprint_JRC_Hemibrain_1point1	neuprint_JRC_Hemibrain_1point1	synapsed_to
1324365879	1195870226	3	neuprint_JRC_Hemibrain_1point1	neuprint_JRC_Hemibrain_1point1	synapsed_to
1324365879	1199565117	3	neuprint_JRC_Hemibrain_1point1	neuprint_JRC_Hemibrain_1point1	synapsed_to
1324365879	1229166973	3	neuprint_JRC_Hemibrain_1point1	neuprint_JRC_Hemibrain_1point1	synapsed_to
1324365879	1230902952	3	neuprint_JRC_Hemibrain_1point1	neuprint_JRC_Hemibrain_1point1	synapsed_to
1324365879	1256268811	3	neuprint_JRC_Hemibrain_1point1	neuprint_JRC_Hemibrain_1point1	synapsed_to
1324365879	1258631261	3	neuprint_JRC_Hemibrain_1point1	neuprint_JRC_Hemibrain_1point1	synapsed_to
1324365879	1262278858	3	neuprint_JRC_Hemibrain_1point1	neuprint_JRC_Hemibrain_1point1	synapsed_to
1324365879	1293309124	3	neuprint_JRC_Hemibrain_1point1	neuprint_JRC_Hemibrain_1point1	synapsed_to
1324365879	1313849969	3	neuprint_JRC_Hemibrain_1point1	neuprint_JRC_Hemibrain_1point1	synapsed_to
1324365879	1318991216	3	neuprint_JRC_Hemibrain_1point1	neuprint_JRC_Hemibrain_1point1	synapsed_to
1324365879	1321982689	3	neuprint_JRC_Hemibrain_1point1	neuprint_JRC_Hemibrain_1point1	synapsed_to
1324365879	1353755801	3	neuprint_JRC_Hemibrain_1point1	neuprint_JRC_Hemibrain_1point1	synapsed_to
1324365879	1354731667	3	neuprint_JRC_Hemibrain_1point1	neuprint_JRC_Hemibrain_1point1	synapsed_to
1324365879	1375504412	3	neuprint_JRC_Hemibrain_1point1	neuprint_JRC_Hemibrain_1point1	synapsed_to
1324365879	1405226806	3	neuprint_JRC_Hemibrain_1point1	neuprint_JRC_Hemibrain_1point1	synapsed_to
1324365879	1412014916	3	neuprint_JRC_Hemibrain_1point1	neuprint_JRC_Hemibrain_1point1	synapsed_to
1324365879	1444788092	3	neuprint_JRC_Hemibrain_1point1	neuprint_JRC_Hemibrain_1point1	synapsed_to
1324365879	1451889472	3	neuprint_JRC_Hemibrain_1point1	neuprint_JRC_Hemibrain_1point1	synapsed_to
1324365879	1475482533	3	neuprint_JRC_Hemibrain_1point1	neuprint_JRC_Hemibrain_1point1	synapsed_to
1324365879	1481202316	3	neuprint_JRC_Hemibrain_1point1	neuprint_JRC_Hemibrain_1point1	synapsed_to
1324365879	1508123633	3	neuprint_JRC_Hemibrain_1point1	neuprint_JRC_Hemibrain_1point1	synapsed_to
1324365879	1508171833	3	neuprint_JRC_Hemibrain_1point1	neuprint_JRC_Hemibrain_1point1	synapsed_to
1324365879	1509215949	3	neuprint_JRC_Hemibrain_1point1	neuprint_JRC_Hemibrain_1point1	synapsed_to
1324365879	1510855070	3	neuprint_JRC_Hemibrain_1point1	neuprint_JRC_Hemibrain_1point1	synapsed_to
1324365879	1571884727	3	neuprint_JRC_Hemibrain_1point1	neuprint_JRC_Hemibrain_1point1	synapsed_to
1324365879	1603714772	3	neuprint_JRC_Hemibrain_1point1	neuprint_JRC_Hemibrain_1point1	synapsed_to
1324365879	1631019730	3	neuprint_JRC_Hemibrain_1point1	neuprint_JRC_Hemibrain_1point1	synapsed_to
1324365879	1692299350	3	neuprint_JRC_Hemibrain_1point1	neuprint_JRC_Hemibrain_1point1	synapsed_to
1324365879	1722708360	3	neuprint_JRC_Hemibrain_1point1	neuprint_JRC_Hemibrain_1point1	synapsed_to
1324365879	1757481665	3	neuprint_JRC_Hemibrain_1point1	neuprint_JRC_Hemibrain_1point1	synapsed_to
1324365879	1882009576	3	neuprint_JRC_Hemibrain_1point1	neuprint_JRC_Hemibrain_1point1	synapsed_to
1324365879	1979854855	3	neuprint_JRC_Hemibrain_1point1	neuprint_JRC_Hemibrain_1point1	synapsed_to
1324365879	2070542355	3	neuprint_JRC_Hemibrain_1point1	neuprint_JRC_Hemibrain_1point1	synapsed_to
1324365879	2070900931	3	neuprint_JRC_Hemibrain_1point1	neuprint_JRC_Hemibrain_1point1	synapsed_to
1324365879	2099893858	3	neuprint_JRC_Hemibrain_1point1	neuprint_JRC_Hemibrain_1point1	synapsed_to
1324365879	5812978981	3	neuprint_JRC_Hemibrain_1point1	neuprint_JRC_Hemibrain_1point1	synapsed_to
1324365879	5812994660	3	neuprint_JRC_Hemibrain_1point1	neuprint_JRC_Hemibrain_1point1	synapsed_to
1324365879	5813023322	3	neuprint_JRC_Hemibrain_1point1	neuprint_JRC_Hemibrain_1point1	synapsed_to
1324365879	5813038350	3	neuprint_JRC_Hemibrain_1point1	neuprint_JRC_Hemibrain_1point1	synapsed_to
1324365879	5813040277	3	neuprint_JRC_Hemibrain_1point1	neuprint_JRC_Hemibrain_1point1	synapsed_to
1324365879	5813047489	3	neuprint_JRC_Hemibrain_1point1	neuprint_JRC_Hemibrain_1point1	synapsed_to
1324365879	5813053860	3	neuprint_JRC_Hemibrain_1point1	neuprint_JRC_Hemibrain_1point1	synapsed_to
1324365879	5813056321	3	neuprint_JRC_Hemibrain_1point1	neuprint_JRC_Hemibrain_1point1	synapsed_to
1324365879	5813058416	3	neuprint_JRC_Hemibrain_1point1	neuprint_JRC_Hemibrain_1point1	synapsed_to
1324365879	5813063093	3	neuprint_JRC_Hemibrain_1point1	neuprint_JRC_Hemibrain_1point1	synapsed_to
1324365879	5813064410	3	neuprint_JRC_Hemibrain_1point1	neuprint_JRC_Hemibrain_1point1	synapsed_to
1324365879	5813065458	3	neuprint_JRC_Hemibrain_1point1	neuprint_JRC_Hemibrain_1point1	synapsed_to
1324365879	5813077633	3	neuprint_JRC_Hemibrain_1point1	neuprint_JRC_Hemibrain_1point1	synapsed_to
1324365879	5813079288	3	neuprint_JRC_Hemibrain_1point1	neuprint_JRC_Hemibrain_1point1	synapsed_to
1324365879	5813094802	3	neuprint_JRC_Hemibrain_1point1	neuprint_JRC_Hemibrain_1point1	synapsed_to
1324365879	5813108983	3	neuprint_JRC_Hemibrain_1point1	neuprint_JRC_Hemibrain_1point1	synapsed_to
1324365879	5901202812	3	neuprint_JRC_Hemibrain_1point1	neuprint_JRC_Hemibrain_1point1	synapsed_to
1324365879	5901225222	3	neuprint_JRC_Hemibrain_1point1	neuprint_JRC_Hemibrain_1point1	synapsed_to
1324365879	7112615127	3	neuprint_JRC_Hemibrain_1point1	neuprint_JRC_Hemibrain_1point1	synapsed_to
1324365879	481657750	2	neuprint_JRC_Hemibrain_1point1	neuprint_JRC_Hemibrain_1point1	synapsed_to
1324365879	520617773	2	neuprint_JRC_Hemibrain_1point1	neuprint_JRC_Hemibrain_1point1	synapsed_to
1324365879	638148241	2	neuprint_JRC_Hemibrain_1point1	neuprint_JRC_Hemibrain_1point1	synapsed_to
1324365879	640194409	2	neuprint_JRC_Hemibrain_1point1	neuprint_JRC_Hemibrain_1point1	synapsed_to
1324365879	644001906	2	neuprint_JRC_Hemibrain_1point1	neuprint_JRC_Hemibrain_1point1	synapsed_to
1324365879	672283773	2	neuprint_JRC_Hemibrain_1point1	neuprint_JRC_Hemibrain_1point1	synapsed_to
1324365879	676479156	2	neuprint_JRC_Hemibrain_1point1	neuprint_JRC_Hemibrain_1point1	synapsed_to
1324365879	707854989	2	neuprint_JRC_Hemibrain_1point1	neuprint_JRC_Hemibrain_1point1	synapsed_to
1324365879	707858790	2	neuprint_JRC_Hemibrain_1point1	neuprint_JRC_Hemibrain_1point1	synapsed_to
1324365879	735708012	2	neuprint_JRC_Hemibrain_1point1	neuprint_JRC_Hemibrain_1point1	synapsed_to
1324365879	766388652	2	neuprint_JRC_Hemibrain_1point1	neuprint_JRC_Hemibrain_1point1	synapsed_to
1324365879	768590452	2	neuprint_JRC_Hemibrain_1point1	neuprint_JRC_Hemibrain_1point1	synapsed_to
1324365879	795723912	2	neuprint_JRC_Hemibrain_1point1	neuprint_JRC_Hemibrain_1point1	synapsed_to
1324365879	797082982	2	neuprint_JRC_Hemibrain_1point1	neuprint_JRC_Hemibrain_1point1	synapsed_to
1324365879	797423594	2	neuprint_JRC_Hemibrain_1point1	neuprint_JRC_Hemibrain_1point1	synapsed_to
1324365879	827086517	2	neuprint_JRC_Hemibrain_1point1	neuprint_JRC_Hemibrain_1point1	synapsed_to
1324365879	859174595	2	neuprint_JRC_Hemibrain_1point1	neuprint_JRC_Hemibrain_1point1	synapsed_to
1324365879	859507274	2	neuprint_JRC_Hemibrain_1point1	neuprint_JRC_Hemibrain_1point1	synapsed_to
1324365879	889194759	2	neuprint_JRC_Hemibrain_1point1	neuprint_JRC_Hemibrain_1point1	synapsed_to
1324365879	891603228	2	neuprint_JRC_Hemibrain_1point1	neuprint_JRC_Hemibrain_1point1	synapsed_to
1324365879	919513165	2	neuprint_JRC_Hemibrain_1point1	neuprint_JRC_Hemibrain_1point1	synapsed_to
1324365879	920536487	2	neuprint_JRC_Hemibrain_1point1	neuprint_JRC_Hemibrain_1point1	synapsed_to
1324365879	921590115	2	neuprint_JRC_Hemibrain_1point1	neuprint_JRC_Hemibrain_1point1	synapsed_to
1324365879	951234513	2	neuprint_JRC_Hemibrain_1point1	neuprint_JRC_Hemibrain_1point1	synapsed_to
1324365879	951959415	2	neuprint_JRC_Hemibrain_1point1	neuprint_JRC_Hemibrain_1point1	synapsed_to
1324365879	951986127	2	neuprint_JRC_Hemibrain_1point1	neuprint_JRC_Hemibrain_1point1	synapsed_to
1324365879	953639837	2	neuprint_JRC_Hemibrain_1point1	neuprint_JRC_Hemibrain_1point1	synapsed_to
1324365879	954023855	2	neuprint_JRC_Hemibrain_1point1	neuprint_JRC_Hemibrain_1point1	synapsed_to
1324365879	978855713	2	neuprint_JRC_Hemibrain_1point1	neuprint_JRC_Hemibrain_1point1	synapsed_to
1324365879	980253830	2	neuprint_JRC_Hemibrain_1point1	neuprint_JRC_Hemibrain_1point1	synapsed_to
1324365879	981924087	2	neuprint_JRC_Hemibrain_1point1	neuprint_JRC_Hemibrain_1point1	synapsed_to
1324365879	1002360103	2	neuprint_JRC_Hemibrain_1point1	neuprint_JRC_Hemibrain_1point1	synapsed_to
1324365879	1010998659	2	neuprint_JRC_Hemibrain_1point1	neuprint_JRC_Hemibrain_1point1	synapsed_to
1324365879	1012699945	2	neuprint_JRC_Hemibrain_1point1	neuprint_JRC_Hemibrain_1point1	synapsed_to
1324365879	1040328771	2	neuprint_JRC_Hemibrain_1point1	neuprint_JRC_Hemibrain_1point1	synapsed_to
1324365879	1041001961	2	neuprint_JRC_Hemibrain_1point1	neuprint_JRC_Hemibrain_1point1	synapsed_to
1324365879	1042703654	2	neuprint_JRC_Hemibrain_1point1	neuprint_JRC_Hemibrain_1point1	synapsed_to
1324365879	1044011735	2	neuprint_JRC_Hemibrain_1point1	neuprint_JRC_Hemibrain_1point1	synapsed_to
1324365879	1073069488	2	neuprint_JRC_Hemibrain_1point1	neuprint_JRC_Hemibrain_1point1	synapsed_to
1324365879	1074704960	2	neuprint_JRC_Hemibrain_1point1	neuprint_JRC_Hemibrain_1point1	synapsed_to
1324365879	1074748105	2	neuprint_JRC_Hemibrain_1point1	neuprint_JRC_Hemibrain_1point1	synapsed_to
1324365879	1103102334	2	neuprint_JRC_Hemibrain_1point1	neuprint_JRC_Hemibrain_1point1	synapsed_to
1324365879	1134456668	2	neuprint_JRC_Hemibrain_1point1	neuprint_JRC_Hemibrain_1point1	synapsed_to
1324365879	1134970390	2	neuprint_JRC_Hemibrain_1point1	neuprint_JRC_Hemibrain_1point1	synapsed_to
1324365879	1137499592	2	neuprint_JRC_Hemibrain_1point1	neuprint_JRC_Hemibrain_1point1	synapsed_to
1324365879	1138212774	2	neuprint_JRC_Hemibrain_1point1	neuprint_JRC_Hemibrain_1point1	synapsed_to
1324365879	1159555822	2	neuprint_JRC_Hemibrain_1point1	neuprint_JRC_Hemibrain_1point1	synapsed_to
1324365879	1162849313	2	neuprint_JRC_Hemibrain_1point1	neuprint_JRC_Hemibrain_1point1	synapsed_to
1324365879	1167542031	2	neuprint_JRC_Hemibrain_1point1	neuprint_JRC_Hemibrain_1point1	synapsed_to
1324365879	1169173428	2	neuprint_JRC_Hemibrain_1point1	neuprint_JRC_Hemibrain_1point1	synapsed_to
1324365879	1169562518	2	neuprint_JRC_Hemibrain_1point1	neuprint_JRC_Hemibrain_1point1	synapsed_to
1324365879	1189912812	2	neuprint_JRC_Hemibrain_1point1	neuprint_JRC_Hemibrain_1point1	synapsed_to
1324365879	1193214867	2	neuprint_JRC_Hemibrain_1point1	neuprint_JRC_Hemibrain_1point1	synapsed_to
1324365879	1196526636	2	neuprint_JRC_Hemibrain_1point1	neuprint_JRC_Hemibrain_1point1	synapsed_to
1324365879	1197234751	2	neuprint_JRC_Hemibrain_1point1	neuprint_JRC_Hemibrain_1point1	synapsed_to
1324365879	1198576311	2	neuprint_JRC_Hemibrain_1point1	neuprint_JRC_Hemibrain_1point1	synapsed_to
1324365879	1198832414	2	neuprint_JRC_Hemibrain_1point1	neuprint_JRC_Hemibrain_1point1	synapsed_to
1324365879	1226887763	2	neuprint_JRC_Hemibrain_1point1	neuprint_JRC_Hemibrain_1point1	synapsed_to
1324365879	1228264951	2	neuprint_JRC_Hemibrain_1point1	neuprint_JRC_Hemibrain_1point1	synapsed_to
1324365879	1229197633	2	neuprint_JRC_Hemibrain_1point1	neuprint_JRC_Hemibrain_1point1	synapsed_to
1324365879	1260655256	2	neuprint_JRC_Hemibrain_1point1	neuprint_JRC_Hemibrain_1point1	synapsed_to
1324365879	1262632452	2	neuprint_JRC_Hemibrain_1point1	neuprint_JRC_Hemibrain_1point1	synapsed_to
1324365879	1293676344	2	neuprint_JRC_Hemibrain_1point1	neuprint_JRC_Hemibrain_1point1	synapsed_to
1324365879	1293688646	2	neuprint_JRC_Hemibrain_1point1	neuprint_JRC_Hemibrain_1point1	synapsed_to
1324365879	1312061760	2	neuprint_JRC_Hemibrain_1point1	neuprint_JRC_Hemibrain_1point1	synapsed_to
1324365879	1312407083	2	neuprint_JRC_Hemibrain_1point1	neuprint_JRC_Hemibrain_1point1	synapsed_to
1324365879	1321339156	2	neuprint_JRC_Hemibrain_1point1	neuprint_JRC_Hemibrain_1point1	synapsed_to
1324365879	1321339259	2	neuprint_JRC_Hemibrain_1point1	neuprint_JRC_Hemibrain_1point1	synapsed_to
1324365879	1321680175	2	neuprint_JRC_Hemibrain_1point1	neuprint_JRC_Hemibrain_1point1	synapsed_to
1324365879	1324028712	2	neuprint_JRC_Hemibrain_1point1	neuprint_JRC_Hemibrain_1point1	synapsed_to
1324365879	1346560069	2	neuprint_JRC_Hemibrain_1point1	neuprint_JRC_Hemibrain_1point1	synapsed_to
1324365879	1355042626	2	neuprint_JRC_Hemibrain_1point1	neuprint_JRC_Hemibrain_1point1	synapsed_to
1324365879	1355720294	2	neuprint_JRC_Hemibrain_1point1	neuprint_JRC_Hemibrain_1point1	synapsed_to
1324365879	1381997776	2	neuprint_JRC_Hemibrain_1point1	neuprint_JRC_Hemibrain_1point1	synapsed_to
1324365879	1383767808	2	neuprint_JRC_Hemibrain_1point1	neuprint_JRC_Hemibrain_1point1	synapsed_to
1324365879	1383776127	2	neuprint_JRC_Hemibrain_1point1	neuprint_JRC_Hemibrain_1point1	synapsed_to
1324365879	1385420918	2	neuprint_JRC_Hemibrain_1point1	neuprint_JRC_Hemibrain_1point1	synapsed_to
1324365879	1386784924	2	neuprint_JRC_Hemibrain_1point1	neuprint_JRC_Hemibrain_1point1	synapsed_to
1324365879	1413744837	2	neuprint_JRC_Hemibrain_1point1	neuprint_JRC_Hemibrain_1point1	synapsed_to
1324365879	1414763569	2	neuprint_JRC_Hemibrain_1point1	neuprint_JRC_Hemibrain_1point1	synapsed_to
1324365879	1414763869	2	neuprint_JRC_Hemibrain_1point1	neuprint_JRC_Hemibrain_1point1	synapsed_to
1324365879	1415480049	2	neuprint_JRC_Hemibrain_1point1	neuprint_JRC_Hemibrain_1point1	synapsed_to
1324365879	1416805841	2	neuprint_JRC_Hemibrain_1point1	neuprint_JRC_Hemibrain_1point1	synapsed_to
1324365879	1419836599	2	neuprint_JRC_Hemibrain_1point1	neuprint_JRC_Hemibrain_1point1	synapsed_to
1324365879	1444788747	2	neuprint_JRC_Hemibrain_1point1	neuprint_JRC_Hemibrain_1point1	synapsed_to
1324365879	1445130240	2	neuprint_JRC_Hemibrain_1point1	neuprint_JRC_Hemibrain_1point1	synapsed_to
1324365879	1446062404	2	neuprint_JRC_Hemibrain_1point1	neuprint_JRC_Hemibrain_1point1	synapsed_to
1324365879	1447431073	2	neuprint_JRC_Hemibrain_1point1	neuprint_JRC_Hemibrain_1point1	synapsed_to
1324365879	1447452334	2	neuprint_JRC_Hemibrain_1point1	neuprint_JRC_Hemibrain_1point1	synapsed_to
1324365879	1447465334	2	neuprint_JRC_Hemibrain_1point1	neuprint_JRC_Hemibrain_1point1	synapsed_to
1324365879	1448799465	2	neuprint_JRC_Hemibrain_1point1	neuprint_JRC_Hemibrain_1point1	synapsed_to
1324365879	1450167207	2	neuprint_JRC_Hemibrain_1point1	neuprint_JRC_Hemibrain_1point1	synapsed_to
1324365879	1472723900	2	neuprint_JRC_Hemibrain_1point1	neuprint_JRC_Hemibrain_1point1	synapsed_to
1324365879	1478142566	2	neuprint_JRC_Hemibrain_1point1	neuprint_JRC_Hemibrain_1point1	synapsed_to
1324365879	1479824955	2	neuprint_JRC_Hemibrain_1point1	neuprint_JRC_Hemibrain_1point1	synapsed_to
1324365879	1480891757	2	neuprint_JRC_Hemibrain_1point1	neuprint_JRC_Hemibrain_1point1	synapsed_to
1324365879	1498720407	2	neuprint_JRC_Hemibrain_1point1	neuprint_JRC_Hemibrain_1point1	synapsed_to
1324365879	1505149370	2	neuprint_JRC_Hemibrain_1point1	neuprint_JRC_Hemibrain_1point1	synapsed_to
1324365879	1508615283	2	neuprint_JRC_Hemibrain_1point1	neuprint_JRC_Hemibrain_1point1	synapsed_to
1324365879	1510562176	2	neuprint_JRC_Hemibrain_1point1	neuprint_JRC_Hemibrain_1point1	synapsed_to
1324365879	1511598475	2	neuprint_JRC_Hemibrain_1point1	neuprint_JRC_Hemibrain_1point1	synapsed_to
1324365879	1511892508	2	neuprint_JRC_Hemibrain_1point1	neuprint_JRC_Hemibrain_1point1	synapsed_to
1324365879	1566178485	2	neuprint_JRC_Hemibrain_1point1	neuprint_JRC_Hemibrain_1point1	synapsed_to
1324365879	1567931095	2	neuprint_JRC_Hemibrain_1point1	neuprint_JRC_Hemibrain_1point1	synapsed_to
1324365879	1570999631	2	neuprint_JRC_Hemibrain_1point1	neuprint_JRC_Hemibrain_1point1	synapsed_to
1324365879	1572998452	2	neuprint_JRC_Hemibrain_1point1	neuprint_JRC_Hemibrain_1point1	synapsed_to
1324365879	1576379806	2	neuprint_JRC_Hemibrain_1point1	neuprint_JRC_Hemibrain_1point1	synapsed_to
1324365879	1601228600	2	neuprint_JRC_Hemibrain_1point1	neuprint_JRC_Hemibrain_1point1	synapsed_to
1324365879	1625829992	2	neuprint_JRC_Hemibrain_1point1	neuprint_JRC_Hemibrain_1point1	synapsed_to
1324365879	1629996612	2	neuprint_JRC_Hemibrain_1point1	neuprint_JRC_Hemibrain_1point1	synapsed_to
1324365879	1630678904	2	neuprint_JRC_Hemibrain_1point1	neuprint_JRC_Hemibrain_1point1	synapsed_to
1324365879	1632016438	2	neuprint_JRC_Hemibrain_1point1	neuprint_JRC_Hemibrain_1point1	synapsed_to
1324365879	1632361815	2	neuprint_JRC_Hemibrain_1point1	neuprint_JRC_Hemibrain_1point1	synapsed_to
1324365879	1661364018	2	neuprint_JRC_Hemibrain_1point1	neuprint_JRC_Hemibrain_1point1	synapsed_to
1324365879	1698796218	2	neuprint_JRC_Hemibrain_1point1	neuprint_JRC_Hemibrain_1point1	synapsed_to
1324365879	1721369735	2	neuprint_JRC_Hemibrain_1point1	neuprint_JRC_Hemibrain_1point1	synapsed_to
1324365879	1728104437	2	neuprint_JRC_Hemibrain_1point1	neuprint_JRC_Hemibrain_1point1	synapsed_to
1324365879	1745570620	2	neuprint_JRC_Hemibrain_1point1	neuprint_JRC_Hemibrain_1point1	synapsed_to
1324365879	1753195131	2	neuprint_JRC_Hemibrain_1point1	neuprint_JRC_Hemibrain_1point1	synapsed_to
1324365879	1760231526	2	neuprint_JRC_Hemibrain_1point1	neuprint_JRC_Hemibrain_1point1	synapsed_to
1324365879	1760922408	2	neuprint_JRC_Hemibrain_1point1	neuprint_JRC_Hemibrain_1point1	synapsed_to
1324365879	1785502810	2	neuprint_JRC_Hemibrain_1point1	neuprint_JRC_Hemibrain_1point1	synapsed_to
1324365879	1786841971	2	neuprint_JRC_Hemibrain_1point1	neuprint_JRC_Hemibrain_1point1	synapsed_to
1324365879	1815165718	2	neuprint_JRC_Hemibrain_1point1	neuprint_JRC_Hemibrain_1point1	synapsed_to
1324365879	1854022847	2	neuprint_JRC_Hemibrain_1point1	neuprint_JRC_Hemibrain_1point1	synapsed_to
1324365879	1876803839	2	neuprint_JRC_Hemibrain_1point1	neuprint_JRC_Hemibrain_1point1	synapsed_to
1324365879	1877667406	2	neuprint_JRC_Hemibrain_1point1	neuprint_JRC_Hemibrain_1point1	synapsed_to
1324365879	1885740332	2	neuprint_JRC_Hemibrain_1point1	neuprint_JRC_Hemibrain_1point1	synapsed_to
1324365879	1916727506	2	neuprint_JRC_Hemibrain_1point1	neuprint_JRC_Hemibrain_1point1	synapsed_to
1324365879	1946769600	2	neuprint_JRC_Hemibrain_1point1	neuprint_JRC_Hemibrain_1point1	synapsed_to
1324365879	1976095316	2	neuprint_JRC_Hemibrain_1point1	neuprint_JRC_Hemibrain_1point1	synapsed_to
1324365879	2071276111	2	neuprint_JRC_Hemibrain_1point1	neuprint_JRC_Hemibrain_1point1	synapsed_to
1324365879	2100934217	2	neuprint_JRC_Hemibrain_1point1	neuprint_JRC_Hemibrain_1point1	synapsed_to
1324365879	5812982685	2	neuprint_JRC_Hemibrain_1point1	neuprint_JRC_Hemibrain_1point1	synapsed_to
1324365879	5812983519	2	neuprint_JRC_Hemibrain_1point1	neuprint_JRC_Hemibrain_1point1	synapsed_to
1324365879	5812983952	2	neuprint_JRC_Hemibrain_1point1	neuprint_JRC_Hemibrain_1point1	synapsed_to
1324365879	5812990369	2	neuprint_JRC_Hemibrain_1point1	neuprint_JRC_Hemibrain_1point1	synapsed_to
1324365879	5812991204	2	neuprint_JRC_Hemibrain_1point1	neuprint_JRC_Hemibrain_1point1	synapsed_to
1324365879	5812994282	2	neuprint_JRC_Hemibrain_1point1	neuprint_JRC_Hemibrain_1point1	synapsed_to
1324365879	5813000220	2	neuprint_JRC_Hemibrain_1point1	neuprint_JRC_Hemibrain_1point1	synapsed_to
1324365879	5813001765	2	neuprint_JRC_Hemibrain_1point1	neuprint_JRC_Hemibrain_1point1	synapsed_to
1324365879	5813013574	2	neuprint_JRC_Hemibrain_1point1	neuprint_JRC_Hemibrain_1point1	synapsed_to
1324365879	5813016933	2	neuprint_JRC_Hemibrain_1point1	neuprint_JRC_Hemibrain_1point1	synapsed_to
1324365879	5813021533	2	neuprint_JRC_Hemibrain_1point1	neuprint_JRC_Hemibrain_1point1	synapsed_to
1324365879	5813027142	2	neuprint_JRC_Hemibrain_1point1	neuprint_JRC_Hemibrain_1point1	synapsed_to
1324365879	5813027266	2	neuprint_JRC_Hemibrain_1point1	neuprint_JRC_Hemibrain_1point1	synapsed_to
1324365879	5813027278	2	neuprint_JRC_Hemibrain_1point1	neuprint_JRC_Hemibrain_1point1	synapsed_to
1324365879	5813033561	2	neuprint_JRC_Hemibrain_1point1	neuprint_JRC_Hemibrain_1point1	synapsed_to
1324365879	5813038037	2	neuprint_JRC_Hemibrain_1point1	neuprint_JRC_Hemibrain_1point1	synapsed_to
1324365879	5813045465	2	neuprint_JRC_Hemibrain_1point1	neuprint_JRC_Hemibrain_1point1	synapsed_to
1324365879	5813049627	2	neuprint_JRC_Hemibrain_1point1	neuprint_JRC_Hemibrain_1point1	synapsed_to
1324365879	5813056261	2	neuprint_JRC_Hemibrain_1point1	neuprint_JRC_Hemibrain_1point1	synapsed_to
1324365879	5813056441	2	neuprint_JRC_Hemibrain_1point1	neuprint_JRC_Hemibrain_1point1	synapsed_to
1324365879	5813057548	2	neuprint_JRC_Hemibrain_1point1	neuprint_JRC_Hemibrain_1point1	synapsed_to
1324365879	5813057556	2	neuprint_JRC_Hemibrain_1point1	neuprint_JRC_Hemibrain_1point1	synapsed_to
1324365879	5813057853	2	neuprint_JRC_Hemibrain_1point1	neuprint_JRC_Hemibrain_1point1	synapsed_to
1324365879	5813061126	2	neuprint_JRC_Hemibrain_1point1	neuprint_JRC_Hemibrain_1point1	synapsed_to
1324365879	5813061591	2	neuprint_JRC_Hemibrain_1point1	neuprint_JRC_Hemibrain_1point1	synapsed_to
1324365879	5813065300	2	neuprint_JRC_Hemibrain_1point1	neuprint_JRC_Hemibrain_1point1	synapsed_to
1324365879	5813078060	2	neuprint_JRC_Hemibrain_1point1	neuprint_JRC_Hemibrain_1point1	synapsed_to
1324365879	5813078176	2	neuprint_JRC_Hemibrain_1point1	neuprint_JRC_Hemibrain_1point1	synapsed_to
1324365879	5813097634	2	neuprint_JRC_Hemibrain_1point1	neuprint_JRC_Hemibrain_1point1	synapsed_to
1324365879	5813133312	2	neuprint_JRC_Hemibrain_1point1	neuprint_JRC_Hemibrain_1point1	synapsed_to
1324365879	5901118329	2	neuprint_JRC_Hemibrain_1point1	neuprint_JRC_Hemibrain_1point1	synapsed_to
1324365879	5901219180	2	neuprint_JRC_Hemibrain_1point1	neuprint_JRC_Hemibrain_1point1	synapsed_to
1324365879	418607079	1	neuprint_JRC_Hemibrain_1point1	neuprint_JRC_Hemibrain_1point1	synapsed_to
1324365879	455439723	1	neuprint_JRC_Hemibrain_1point1	neuprint_JRC_Hemibrain_1point1	synapsed_to
1324365879	516421917	1	neuprint_JRC_Hemibrain_1point1	neuprint_JRC_Hemibrain_1point1	synapsed_to
1324365879	579536041	1	neuprint_JRC_Hemibrain_1point1	neuprint_JRC_Hemibrain_1point1	synapsed_to
1324365879	642616710	1	neuprint_JRC_Hemibrain_1point1	neuprint_JRC_Hemibrain_1point1	synapsed_to
1324365879	645456880	1	neuprint_JRC_Hemibrain_1point1	neuprint_JRC_Hemibrain_1point1	synapsed_to
1324365879	663799582	1	neuprint_JRC_Hemibrain_1point1	neuprint_JRC_Hemibrain_1point1	synapsed_to
1324365879	672593764	1	neuprint_JRC_Hemibrain_1point1	neuprint_JRC_Hemibrain_1point1	synapsed_to
1324365879	676479217	1	neuprint_JRC_Hemibrain_1point1	neuprint_JRC_Hemibrain_1point1	synapsed_to
1324365879	707190304	1	neuprint_JRC_Hemibrain_1point1	neuprint_JRC_Hemibrain_1point1	synapsed_to
1324365879	734677385	1	neuprint_JRC_Hemibrain_1point1	neuprint_JRC_Hemibrain_1point1	synapsed_to
1324365879	735008444	1	neuprint_JRC_Hemibrain_1point1	neuprint_JRC_Hemibrain_1point1	synapsed_to
1324365879	735470654	1	neuprint_JRC_Hemibrain_1point1	neuprint_JRC_Hemibrain_1point1	synapsed_to
1324365879	737093692	1	neuprint_JRC_Hemibrain_1point1	neuprint_JRC_Hemibrain_1point1	synapsed_to
1324365879	737093754	1	neuprint_JRC_Hemibrain_1point1	neuprint_JRC_Hemibrain_1point1	synapsed_to
1324365879	765050884	1	neuprint_JRC_Hemibrain_1point1	neuprint_JRC_Hemibrain_1point1	synapsed_to
1324365879	767084239	1	neuprint_JRC_Hemibrain_1point1	neuprint_JRC_Hemibrain_1point1	synapsed_to
1324365879	769263962	1	neuprint_JRC_Hemibrain_1point1	neuprint_JRC_Hemibrain_1point1	synapsed_to
1324365879	796754549	1	neuprint_JRC_Hemibrain_1point1	neuprint_JRC_Hemibrain_1point1	synapsed_to
1324365879	828144800	1	neuprint_JRC_Hemibrain_1point1	neuprint_JRC_Hemibrain_1point1	synapsed_to
1324365879	829145708	1	neuprint_JRC_Hemibrain_1point1	neuprint_JRC_Hemibrain_1point1	synapsed_to
1324365879	829155062	1	neuprint_JRC_Hemibrain_1point1	neuprint_JRC_Hemibrain_1point1	synapsed_to
1324365879	852302504	1	neuprint_JRC_Hemibrain_1point1	neuprint_JRC_Hemibrain_1point1	synapsed_to
1324365879	857819555	1	neuprint_JRC_Hemibrain_1point1	neuprint_JRC_Hemibrain_1point1	synapsed_to
1324365879	860577283	1	neuprint_JRC_Hemibrain_1point1	neuprint_JRC_Hemibrain_1point1	synapsed_to
1324365879	884477487	1	neuprint_JRC_Hemibrain_1point1	neuprint_JRC_Hemibrain_1point1	synapsed_to
1324365879	885163107	1	neuprint_JRC_Hemibrain_1point1	neuprint_JRC_Hemibrain_1point1	synapsed_to
1324365879	889531496	1	neuprint_JRC_Hemibrain_1point1	neuprint_JRC_Hemibrain_1point1	synapsed_to
1324365879	889540433	1	neuprint_JRC_Hemibrain_1point1	neuprint_JRC_Hemibrain_1point1	synapsed_to
1324365879	889859354	1	neuprint_JRC_Hemibrain_1point1	neuprint_JRC_Hemibrain_1point1	synapsed_to
1324365879	915724147	1	neuprint_JRC_Hemibrain_1point1	neuprint_JRC_Hemibrain_1point1	synapsed_to
1324365879	917450071	1	neuprint_JRC_Hemibrain_1point1	neuprint_JRC_Hemibrain_1point1	synapsed_to
1324365879	919168397	1	neuprint_JRC_Hemibrain_1point1	neuprint_JRC_Hemibrain_1point1	synapsed_to
1324365879	919850789	1	neuprint_JRC_Hemibrain_1point1	neuprint_JRC_Hemibrain_1point1	synapsed_to
1324365879	921232037	1	neuprint_JRC_Hemibrain_1point1	neuprint_JRC_Hemibrain_1point1	synapsed_to
1324365879	921576508	1	neuprint_JRC_Hemibrain_1point1	neuprint_JRC_Hemibrain_1point1	synapsed_to
1324365879	924788221	1	neuprint_JRC_Hemibrain_1point1	neuprint_JRC_Hemibrain_1point1	synapsed_to
1324365879	947573616	1	neuprint_JRC_Hemibrain_1point1	neuprint_JRC_Hemibrain_1point1	synapsed_to
1324365879	947923543	1	neuprint_JRC_Hemibrain_1point1	neuprint_JRC_Hemibrain_1point1	synapsed_to
1324365879	950544340	1	neuprint_JRC_Hemibrain_1point1	neuprint_JRC_Hemibrain_1point1	synapsed_to
1324365879	951567246	1	neuprint_JRC_Hemibrain_1point1	neuprint_JRC_Hemibrain_1point1	synapsed_to
1324365879	953013850	1	neuprint_JRC_Hemibrain_1point1	neuprint_JRC_Hemibrain_1point1	synapsed_to
1324365879	953635591	1	neuprint_JRC_Hemibrain_1point1	neuprint_JRC_Hemibrain_1point1	synapsed_to
1324365879	973436416	1	neuprint_JRC_Hemibrain_1point1	neuprint_JRC_Hemibrain_1point1	synapsed_to
1324365879	981583738	1	neuprint_JRC_Hemibrain_1point1	neuprint_JRC_Hemibrain_1point1	synapsed_to
1324365879	981967586	1	neuprint_JRC_Hemibrain_1point1	neuprint_JRC_Hemibrain_1point1	synapsed_to
1324365879	982684196	1	neuprint_JRC_Hemibrain_1point1	neuprint_JRC_Hemibrain_1point1	synapsed_to
1324365879	982982098	1	neuprint_JRC_Hemibrain_1point1	neuprint_JRC_Hemibrain_1point1	synapsed_to
1324365879	983663810	1	neuprint_JRC_Hemibrain_1point1	neuprint_JRC_Hemibrain_1point1	synapsed_to
1324365879	984030630	1	neuprint_JRC_Hemibrain_1point1	neuprint_JRC_Hemibrain_1point1	synapsed_to
1324365879	1005857944	1	neuprint_JRC_Hemibrain_1point1	neuprint_JRC_Hemibrain_1point1	synapsed_to
1324365879	1007895206	1	neuprint_JRC_Hemibrain_1point1	neuprint_JRC_Hemibrain_1point1	synapsed_to
1324365879	1010718372	1	neuprint_JRC_Hemibrain_1point1	neuprint_JRC_Hemibrain_1point1	synapsed_to
1324365879	1011055060	1	neuprint_JRC_Hemibrain_1point1	neuprint_JRC_Hemibrain_1point1	synapsed_to
1324365879	1011685011	1	neuprint_JRC_Hemibrain_1point1	neuprint_JRC_Hemibrain_1point1	synapsed_to
1324365879	1014327691	1	neuprint_JRC_Hemibrain_1point1	neuprint_JRC_Hemibrain_1point1	synapsed_to
1324365879	1019556103	1	neuprint_JRC_Hemibrain_1point1	neuprint_JRC_Hemibrain_1point1	synapsed_to
1324365879	1040004619	1	neuprint_JRC_Hemibrain_1point1	neuprint_JRC_Hemibrain_1point1	synapsed_to
1324365879	1040972270	1	neuprint_JRC_Hemibrain_1point1	neuprint_JRC_Hemibrain_1point1	synapsed_to
1324365879	1043669697	1	neuprint_JRC_Hemibrain_1point1	neuprint_JRC_Hemibrain_1point1	synapsed_to
1324365879	1043696281	1	neuprint_JRC_Hemibrain_1point1	neuprint_JRC_Hemibrain_1point1	synapsed_to
1324365879	1043705078	1	neuprint_JRC_Hemibrain_1point1	neuprint_JRC_Hemibrain_1point1	synapsed_to
1324365879	1044028675	1	neuprint_JRC_Hemibrain_1point1	neuprint_JRC_Hemibrain_1point1	synapsed_to
1324365879	1044037281	1	neuprint_JRC_Hemibrain_1point1	neuprint_JRC_Hemibrain_1point1	synapsed_to
1324365879	1044075439	1	neuprint_JRC_Hemibrain_1point1	neuprint_JRC_Hemibrain_1point1	synapsed_to
1324365879	1044356616	1	neuprint_JRC_Hemibrain_1point1	neuprint_JRC_Hemibrain_1point1	synapsed_to
1324365879	1050249353	1	neuprint_JRC_Hemibrain_1point1	neuprint_JRC_Hemibrain_1point1	synapsed_to
1324365879	1073314797	1	neuprint_JRC_Hemibrain_1point1	neuprint_JRC_Hemibrain_1point1	synapsed_to
1324365879	1073694558	1	neuprint_JRC_Hemibrain_1point1	neuprint_JRC_Hemibrain_1point1	synapsed_to
1324365879	1074480375	1	neuprint_JRC_Hemibrain_1point1	neuprint_JRC_Hemibrain_1point1	synapsed_to
1324365879	1074480379	1	neuprint_JRC_Hemibrain_1point1	neuprint_JRC_Hemibrain_1point1	synapsed_to
1324365879	1074484603	1	neuprint_JRC_Hemibrain_1point1	neuprint_JRC_Hemibrain_1point1	synapsed_to
1324365879	1074782432	1	neuprint_JRC_Hemibrain_1point1	neuprint_JRC_Hemibrain_1point1	synapsed_to
1324365879	1075741037	1	neuprint_JRC_Hemibrain_1point1	neuprint_JRC_Hemibrain_1point1	synapsed_to
1324365879	1104004164	1	neuprint_JRC_Hemibrain_1point1	neuprint_JRC_Hemibrain_1point1	synapsed_to
1324365879	1105083895	1	neuprint_JRC_Hemibrain_1point1	neuprint_JRC_Hemibrain_1point1	synapsed_to
1324365879	1105157124	1	neuprint_JRC_Hemibrain_1point1	neuprint_JRC_Hemibrain_1point1	synapsed_to
1324365879	1105165255	1	neuprint_JRC_Hemibrain_1point1	neuprint_JRC_Hemibrain_1point1	synapsed_to
1324365879	1105178295	1	neuprint_JRC_Hemibrain_1point1	neuprint_JRC_Hemibrain_1point1	synapsed_to
1324365879	1106469255	1	neuprint_JRC_Hemibrain_1point1	neuprint_JRC_Hemibrain_1point1	synapsed_to
1324365879	1131810172	1	neuprint_JRC_Hemibrain_1point1	neuprint_JRC_Hemibrain_1point1	synapsed_to
1324365879	1132142271	1	neuprint_JRC_Hemibrain_1point1	neuprint_JRC_Hemibrain_1point1	synapsed_to
1324365879	1132764433	1	neuprint_JRC_Hemibrain_1point1	neuprint_JRC_Hemibrain_1point1	synapsed_to
1324365879	1135837629	1	neuprint_JRC_Hemibrain_1point1	neuprint_JRC_Hemibrain_1point1	synapsed_to
1324365879	1136788088	1	neuprint_JRC_Hemibrain_1point1	neuprint_JRC_Hemibrain_1point1	synapsed_to
1324365879	1162180404	1	neuprint_JRC_Hemibrain_1point1	neuprint_JRC_Hemibrain_1point1	synapsed_to
1324365879	1167118856	1	neuprint_JRC_Hemibrain_1point1	neuprint_JRC_Hemibrain_1point1	synapsed_to
1324365879	1189601546	1	neuprint_JRC_Hemibrain_1point1	neuprint_JRC_Hemibrain_1point1	synapsed_to
1324365879	1199573657	1	neuprint_JRC_Hemibrain_1point1	neuprint_JRC_Hemibrain_1point1	synapsed_to
1324365879	1199872316	1	neuprint_JRC_Hemibrain_1point1	neuprint_JRC_Hemibrain_1point1	synapsed_to
1324365879	1200195649	1	neuprint_JRC_Hemibrain_1point1	neuprint_JRC_Hemibrain_1point1	synapsed_to
1324365879	1201231700	1	neuprint_JRC_Hemibrain_1point1	neuprint_JRC_Hemibrain_1point1	synapsed_to
1324365879	1228265278	1	neuprint_JRC_Hemibrain_1point1	neuprint_JRC_Hemibrain_1point1	synapsed_to
1324365879	1229162381	1	neuprint_JRC_Hemibrain_1point1	neuprint_JRC_Hemibrain_1point1	synapsed_to
1324365879	1230220003	1	neuprint_JRC_Hemibrain_1point1	neuprint_JRC_Hemibrain_1point1	synapsed_to
1324365879	1230221035	1	neuprint_JRC_Hemibrain_1point1	neuprint_JRC_Hemibrain_1point1	synapsed_to
1324365879	1230535525	1	neuprint_JRC_Hemibrain_1point1	neuprint_JRC_Hemibrain_1point1	synapsed_to
1324365879	1232266616	1	neuprint_JRC_Hemibrain_1point1	neuprint_JRC_Hemibrain_1point1	synapsed_to
1324365879	1251684081	1	neuprint_JRC_Hemibrain_1point1	neuprint_JRC_Hemibrain_1point1	synapsed_to
1324365879	1259230618	1	neuprint_JRC_Hemibrain_1point1	neuprint_JRC_Hemibrain_1point1	synapsed_to
1324365879	1260237061	1	neuprint_JRC_Hemibrain_1point1	neuprint_JRC_Hemibrain_1point1	synapsed_to
1324365879	1260577951	1	neuprint_JRC_Hemibrain_1point1	neuprint_JRC_Hemibrain_1point1	synapsed_to
1324365879	1263646370	1	neuprint_JRC_Hemibrain_1point1	neuprint_JRC_Hemibrain_1point1	synapsed_to
1324365879	1281324958	1	neuprint_JRC_Hemibrain_1point1	neuprint_JRC_Hemibrain_1point1	synapsed_to
1324365879	1281998821	1	neuprint_JRC_Hemibrain_1point1	neuprint_JRC_Hemibrain_1point1	synapsed_to
1324365879	1288530238	1	neuprint_JRC_Hemibrain_1point1	neuprint_JRC_Hemibrain_1point1	synapsed_to
1324365879	1290943306	1	neuprint_JRC_Hemibrain_1point1	neuprint_JRC_Hemibrain_1point1	synapsed_to
1324365879	1291289106	1	neuprint_JRC_Hemibrain_1point1	neuprint_JRC_Hemibrain_1point1	synapsed_to
1324365879	1291638853	1	neuprint_JRC_Hemibrain_1point1	neuprint_JRC_Hemibrain_1point1	synapsed_to
1324365879	1291690199	1	neuprint_JRC_Hemibrain_1point1	neuprint_JRC_Hemibrain_1point1	synapsed_to
1324365879	1292316743	1	neuprint_JRC_Hemibrain_1point1	neuprint_JRC_Hemibrain_1point1	synapsed_to
1324365879	1312015204	1	neuprint_JRC_Hemibrain_1point1	neuprint_JRC_Hemibrain_1point1	synapsed_to
1324365879	1319927977	1	neuprint_JRC_Hemibrain_1point1	neuprint_JRC_Hemibrain_1point1	synapsed_to
1324365879	1320286990	1	neuprint_JRC_Hemibrain_1point1	neuprint_JRC_Hemibrain_1point1	synapsed_to
1324365879	1320622829	1	neuprint_JRC_Hemibrain_1point1	neuprint_JRC_Hemibrain_1point1	synapsed_to
1324365879	1320976955	1	neuprint_JRC_Hemibrain_1point1	neuprint_JRC_Hemibrain_1point1	synapsed_to
1324365879	1322025494	1	neuprint_JRC_Hemibrain_1point1	neuprint_JRC_Hemibrain_1point1	synapsed_to
1324365879	1322984572	1	neuprint_JRC_Hemibrain_1point1	neuprint_JRC_Hemibrain_1point1	synapsed_to
1324365879	1324373969	1	neuprint_JRC_Hemibrain_1point1	neuprint_JRC_Hemibrain_1point1	synapsed_to
1324365879	1344469477	1	neuprint_JRC_Hemibrain_1point1	neuprint_JRC_Hemibrain_1point1	synapsed_to
1324365879	1344469820	1	neuprint_JRC_Hemibrain_1point1	neuprint_JRC_Hemibrain_1point1	synapsed_to
1324365879	1349556037	1	neuprint_JRC_Hemibrain_1point1	neuprint_JRC_Hemibrain_1point1	synapsed_to
1324365879	1351623779	1	neuprint_JRC_Hemibrain_1point1	neuprint_JRC_Hemibrain_1point1	synapsed_to
1324365879	1351628071	1	neuprint_JRC_Hemibrain_1point1	neuprint_JRC_Hemibrain_1point1	synapsed_to
1324365879	1351674644	1	neuprint_JRC_Hemibrain_1point1	neuprint_JRC_Hemibrain_1point1	synapsed_to
1324365879	1352331062	1	neuprint_JRC_Hemibrain_1point1	neuprint_JRC_Hemibrain_1point1	synapsed_to
1324365879	1353018228	1	neuprint_JRC_Hemibrain_1point1	neuprint_JRC_Hemibrain_1point1	synapsed_to
1324365879	1353031649	1	neuprint_JRC_Hemibrain_1point1	neuprint_JRC_Hemibrain_1point1	synapsed_to
1324365879	1353669883	1	neuprint_JRC_Hemibrain_1point1	neuprint_JRC_Hemibrain_1point1	synapsed_to
1324365879	1354368623	1	neuprint_JRC_Hemibrain_1point1	neuprint_JRC_Hemibrain_1point1	synapsed_to
1324365879	1377814057	1	neuprint_JRC_Hemibrain_1point1	neuprint_JRC_Hemibrain_1point1	synapsed_to
1324365879	1382308349	1	neuprint_JRC_Hemibrain_1point1	neuprint_JRC_Hemibrain_1point1	synapsed_to
1324365879	1382343196	1	neuprint_JRC_Hemibrain_1point1	neuprint_JRC_Hemibrain_1point1	synapsed_to
1324365879	1383016399	1	neuprint_JRC_Hemibrain_1point1	neuprint_JRC_Hemibrain_1point1	synapsed_to
1324365879	1384017738	1	neuprint_JRC_Hemibrain_1point1	neuprint_JRC_Hemibrain_1point1	synapsed_to
1324365879	1384752007	1	neuprint_JRC_Hemibrain_1point1	neuprint_JRC_Hemibrain_1point1	synapsed_to
1324365879	1385093648	1	neuprint_JRC_Hemibrain_1point1	neuprint_JRC_Hemibrain_1point1	synapsed_to
1324365879	1385433981	1	neuprint_JRC_Hemibrain_1point1	neuprint_JRC_Hemibrain_1point1	synapsed_to
1324365879	1386758950	1	neuprint_JRC_Hemibrain_1point1	neuprint_JRC_Hemibrain_1point1	synapsed_to
1324365879	1389142287	1	neuprint_JRC_Hemibrain_1point1	neuprint_JRC_Hemibrain_1point1	synapsed_to
1324365879	1406215489	1	neuprint_JRC_Hemibrain_1point1	neuprint_JRC_Hemibrain_1point1	synapsed_to
1324365879	1411737459	1	neuprint_JRC_Hemibrain_1point1	neuprint_JRC_Hemibrain_1point1	synapsed_to
1324365879	1413771042	1	neuprint_JRC_Hemibrain_1point1	neuprint_JRC_Hemibrain_1point1	synapsed_to
1324365879	1414751121	1	neuprint_JRC_Hemibrain_1point1	neuprint_JRC_Hemibrain_1point1	synapsed_to
1324365879	1415484346	1	neuprint_JRC_Hemibrain_1point1	neuprint_JRC_Hemibrain_1point1	synapsed_to
1324365879	1416749916	1	neuprint_JRC_Hemibrain_1point1	neuprint_JRC_Hemibrain_1point1	synapsed_to
1324365879	1416796486	1	neuprint_JRC_Hemibrain_1point1	neuprint_JRC_Hemibrain_1point1	synapsed_to
1324365879	1417768398	1	neuprint_JRC_Hemibrain_1point1	neuprint_JRC_Hemibrain_1point1	synapsed_to
1324365879	1418829730	1	neuprint_JRC_Hemibrain_1point1	neuprint_JRC_Hemibrain_1point1	synapsed_to
1324365879	1420522486	1	neuprint_JRC_Hemibrain_1point1	neuprint_JRC_Hemibrain_1point1	synapsed_to
1324365879	1445104234	1	neuprint_JRC_Hemibrain_1point1	neuprint_JRC_Hemibrain_1point1	synapsed_to
1324365879	1445112287	1	neuprint_JRC_Hemibrain_1point1	neuprint_JRC_Hemibrain_1point1	synapsed_to
1324365879	1445379615	1	neuprint_JRC_Hemibrain_1point1	neuprint_JRC_Hemibrain_1point1	synapsed_to
1324365879	1445453636	1	neuprint_JRC_Hemibrain_1point1	neuprint_JRC_Hemibrain_1point1	synapsed_to
1324365879	1446061566	1	neuprint_JRC_Hemibrain_1point1	neuprint_JRC_Hemibrain_1point1	synapsed_to
1324365879	1446066048	1	neuprint_JRC_Hemibrain_1point1	neuprint_JRC_Hemibrain_1point1	synapsed_to
1324365879	1446527869	1	neuprint_JRC_Hemibrain_1point1	neuprint_JRC_Hemibrain_1point1	synapsed_to
1324365879	1446756739	1	neuprint_JRC_Hemibrain_1point1	neuprint_JRC_Hemibrain_1point1	synapsed_to
1324365879	1447093754	1	neuprint_JRC_Hemibrain_1point1	neuprint_JRC_Hemibrain_1point1	synapsed_to
1324365879	1448864040	1	neuprint_JRC_Hemibrain_1point1	neuprint_JRC_Hemibrain_1point1	synapsed_to
1324365879	1449826776	1	neuprint_JRC_Hemibrain_1point1	neuprint_JRC_Hemibrain_1point1	synapsed_to
1324365879	1451216904	1	neuprint_JRC_Hemibrain_1point1	neuprint_JRC_Hemibrain_1point1	synapsed_to
1324365879	1451562506	1	neuprint_JRC_Hemibrain_1point1	neuprint_JRC_Hemibrain_1point1	synapsed_to
1324365879	1475188631	1	neuprint_JRC_Hemibrain_1point1	neuprint_JRC_Hemibrain_1point1	synapsed_to
1324365879	1475477547	1	neuprint_JRC_Hemibrain_1point1	neuprint_JRC_Hemibrain_1point1	synapsed_to
1324365879	1476778177	1	neuprint_JRC_Hemibrain_1point1	neuprint_JRC_Hemibrain_1point1	synapsed_to
1324365879	1478879340	1	neuprint_JRC_Hemibrain_1point1	neuprint_JRC_Hemibrain_1point1	synapsed_to
1324365879	1479618250	1	neuprint_JRC_Hemibrain_1point1	neuprint_JRC_Hemibrain_1point1	synapsed_to
1324365879	1480179511	1	neuprint_JRC_Hemibrain_1point1	neuprint_JRC_Hemibrain_1point1	synapsed_to
1324365879	1480516899	1	neuprint_JRC_Hemibrain_1point1	neuprint_JRC_Hemibrain_1point1	synapsed_to
1324365879	1480521237	1	neuprint_JRC_Hemibrain_1point1	neuprint_JRC_Hemibrain_1point1	synapsed_to
1324365879	1480524421	1	neuprint_JRC_Hemibrain_1point1	neuprint_JRC_Hemibrain_1point1	synapsed_to
1324365879	1480589255	1	neuprint_JRC_Hemibrain_1point1	neuprint_JRC_Hemibrain_1point1	synapsed_to
1324365879	1481547572	1	neuprint_JRC_Hemibrain_1point1	neuprint_JRC_Hemibrain_1point1	synapsed_to
1324365879	1501111926	1	neuprint_JRC_Hemibrain_1point1	neuprint_JRC_Hemibrain_1point1	synapsed_to
1324365879	1504419182	1	neuprint_JRC_Hemibrain_1point1	neuprint_JRC_Hemibrain_1point1	synapsed_to
1324365879	1506120610	1	neuprint_JRC_Hemibrain_1point1	neuprint_JRC_Hemibrain_1point1	synapsed_to
1324365879	1507109459	1	neuprint_JRC_Hemibrain_1point1	neuprint_JRC_Hemibrain_1point1	synapsed_to
1324365879	1507446255	1	neuprint_JRC_Hemibrain_1point1	neuprint_JRC_Hemibrain_1point1	synapsed_to
1324365879	1508128473	1	neuprint_JRC_Hemibrain_1point1	neuprint_JRC_Hemibrain_1point1	synapsed_to
1324365879	1509146177	1	neuprint_JRC_Hemibrain_1point1	neuprint_JRC_Hemibrain_1point1	synapsed_to
1324365879	1511593744	1	neuprint_JRC_Hemibrain_1point1	neuprint_JRC_Hemibrain_1point1	synapsed_to
1324365879	1511888459	1	neuprint_JRC_Hemibrain_1point1	neuprint_JRC_Hemibrain_1point1	synapsed_to
1324365879	1512246869	1	neuprint_JRC_Hemibrain_1point1	neuprint_JRC_Hemibrain_1point1	synapsed_to
1324365879	1513614683	1	neuprint_JRC_Hemibrain_1point1	neuprint_JRC_Hemibrain_1point1	synapsed_to
1324365879	1535100405	1	neuprint_JRC_Hemibrain_1point1	neuprint_JRC_Hemibrain_1point1	synapsed_to
1324365879	1535488185	1	neuprint_JRC_Hemibrain_1point1	neuprint_JRC_Hemibrain_1point1	synapsed_to
1324365879	1542237002	1	neuprint_JRC_Hemibrain_1point1	neuprint_JRC_Hemibrain_1point1	synapsed_to
1324365879	1568596284	1	neuprint_JRC_Hemibrain_1point1	neuprint_JRC_Hemibrain_1point1	synapsed_to
1324365879	1569209515	1	neuprint_JRC_Hemibrain_1point1	neuprint_JRC_Hemibrain_1point1	synapsed_to
1324365879	1569519432	1	neuprint_JRC_Hemibrain_1point1	neuprint_JRC_Hemibrain_1point1	synapsed_to
1324365879	1570922129	1	neuprint_JRC_Hemibrain_1point1	neuprint_JRC_Hemibrain_1point1	synapsed_to
1324365879	1571345230	1	neuprint_JRC_Hemibrain_1point1	neuprint_JRC_Hemibrain_1point1	synapsed_to
1324365879	1574700181	1	neuprint_JRC_Hemibrain_1point1	neuprint_JRC_Hemibrain_1point1	synapsed_to
1324365879	1574980522	1	neuprint_JRC_Hemibrain_1point1	neuprint_JRC_Hemibrain_1point1	synapsed_to
1324365879	1597213470	1	neuprint_JRC_Hemibrain_1point1	neuprint_JRC_Hemibrain_1point1	synapsed_to
1324365879	1598296804	1	neuprint_JRC_Hemibrain_1point1	neuprint_JRC_Hemibrain_1point1	synapsed_to
1324365879	1598586139	1	neuprint_JRC_Hemibrain_1point1	neuprint_JRC_Hemibrain_1point1	synapsed_to
1324365879	1598944549	1	neuprint_JRC_Hemibrain_1point1	neuprint_JRC_Hemibrain_1point1	synapsed_to
1324365879	1600204580	1	neuprint_JRC_Hemibrain_1point1	neuprint_JRC_Hemibrain_1point1	synapsed_to
1324365879	1601573013	1	neuprint_JRC_Hemibrain_1point1	neuprint_JRC_Hemibrain_1point1	synapsed_to
1324365879	1601603665	1	neuprint_JRC_Hemibrain_1point1	neuprint_JRC_Hemibrain_1point1	synapsed_to
1324365879	1602704738	1	neuprint_JRC_Hemibrain_1point1	neuprint_JRC_Hemibrain_1point1	synapsed_to
1324365879	1604298027	1	neuprint_JRC_Hemibrain_1point1	neuprint_JRC_Hemibrain_1point1	synapsed_to
1324365879	1604694135	1	neuprint_JRC_Hemibrain_1point1	neuprint_JRC_Hemibrain_1point1	synapsed_to
1324365879	1606010743	1	neuprint_JRC_Hemibrain_1point1	neuprint_JRC_Hemibrain_1point1	synapsed_to
1324365879	1626513447	1	neuprint_JRC_Hemibrain_1point1	neuprint_JRC_Hemibrain_1point1	synapsed_to
1324365879	1627030775	1	neuprint_JRC_Hemibrain_1point1	neuprint_JRC_Hemibrain_1point1	synapsed_to
1324365879	1631930801	1	neuprint_JRC_Hemibrain_1point1	neuprint_JRC_Hemibrain_1point1	synapsed_to
1324365879	1632639000	1	neuprint_JRC_Hemibrain_1point1	neuprint_JRC_Hemibrain_1point1	synapsed_to
1324365879	1633333063	1	neuprint_JRC_Hemibrain_1point1	neuprint_JRC_Hemibrain_1point1	synapsed_to
1324365879	1654405904	1	neuprint_JRC_Hemibrain_1point1	neuprint_JRC_Hemibrain_1point1	synapsed_to
1324365879	1656157224	1	neuprint_JRC_Hemibrain_1point1	neuprint_JRC_Hemibrain_1point1	synapsed_to
1324365879	1660276772	1	neuprint_JRC_Hemibrain_1point1	neuprint_JRC_Hemibrain_1point1	synapsed_to
1324365879	1666755653	1	neuprint_JRC_Hemibrain_1point1	neuprint_JRC_Hemibrain_1point1	synapsed_to
1324365879	1691686234	1	neuprint_JRC_Hemibrain_1point1	neuprint_JRC_Hemibrain_1point1	synapsed_to
1324365879	1697104095	1	neuprint_JRC_Hemibrain_1point1	neuprint_JRC_Hemibrain_1point1	synapsed_to
1324365879	1698796271	1	neuprint_JRC_Hemibrain_1point1	neuprint_JRC_Hemibrain_1point1	synapsed_to
1324365879	1716577833	1	neuprint_JRC_Hemibrain_1point1	neuprint_JRC_Hemibrain_1point1	synapsed_to
1324365879	1718863441	1	neuprint_JRC_Hemibrain_1point1	neuprint_JRC_Hemibrain_1point1	synapsed_to
1324365879	1723385845	1	neuprint_JRC_Hemibrain_1point1	neuprint_JRC_Hemibrain_1point1	synapsed_to
1324365879	1729887288	1	neuprint_JRC_Hemibrain_1point1	neuprint_JRC_Hemibrain_1point1	synapsed_to
1324365879	1750004327	1	neuprint_JRC_Hemibrain_1point1	neuprint_JRC_Hemibrain_1point1	synapsed_to
1324365879	1751943911	1	neuprint_JRC_Hemibrain_1point1	neuprint_JRC_Hemibrain_1point1	synapsed_to
1324365879	1754370241	1	neuprint_JRC_Hemibrain_1point1	neuprint_JRC_Hemibrain_1point1	synapsed_to
1324365879	1754485599	1	neuprint_JRC_Hemibrain_1point1	neuprint_JRC_Hemibrain_1point1	synapsed_to
1324365879	1784389603	1	neuprint_JRC_Hemibrain_1point1	neuprint_JRC_Hemibrain_1point1	synapsed_to
1324365879	1784398229	1	neuprint_JRC_Hemibrain_1point1	neuprint_JRC_Hemibrain_1point1	synapsed_to
1324365879	1784398319	1	neuprint_JRC_Hemibrain_1point1	neuprint_JRC_Hemibrain_1point1	synapsed_to
1324365879	1785486134	1	neuprint_JRC_Hemibrain_1point1	neuprint_JRC_Hemibrain_1point1	synapsed_to
1324365879	1815769521	1	neuprint_JRC_Hemibrain_1point1	neuprint_JRC_Hemibrain_1point1	synapsed_to
1324365879	1824334786	1	neuprint_JRC_Hemibrain_1point1	neuprint_JRC_Hemibrain_1point1	synapsed_to
1324365879	1838615654	1	neuprint_JRC_Hemibrain_1point1	neuprint_JRC_Hemibrain_1point1	synapsed_to
1324365879	1846213131	1	neuprint_JRC_Hemibrain_1point1	neuprint_JRC_Hemibrain_1point1	synapsed_to
1324365879	1882321015	1	neuprint_JRC_Hemibrain_1point1	neuprint_JRC_Hemibrain_1point1	synapsed_to
1324365879	1883689091	1	neuprint_JRC_Hemibrain_1point1	neuprint_JRC_Hemibrain_1point1	synapsed_to
1324365879	1885394352	1	neuprint_JRC_Hemibrain_1point1	neuprint_JRC_Hemibrain_1point1	synapsed_to
1324365879	1907920694	1	neuprint_JRC_Hemibrain_1point1	neuprint_JRC_Hemibrain_1point1	synapsed_to
1324365879	1912647511	1	neuprint_JRC_Hemibrain_1point1	neuprint_JRC_Hemibrain_1point1	synapsed_to
1324365879	1943713249	1	neuprint_JRC_Hemibrain_1point1	neuprint_JRC_Hemibrain_1point1	synapsed_to
1324365879	1948478919	1	neuprint_JRC_Hemibrain_1point1	neuprint_JRC_Hemibrain_1point1	synapsed_to
1324365879	1998250011	1	neuprint_JRC_Hemibrain_1point1	neuprint_JRC_Hemibrain_1point1	synapsed_to
1324365879	2006796832	1	neuprint_JRC_Hemibrain_1point1	neuprint_JRC_Hemibrain_1point1	synapsed_to
1324365879	2041592320	1	neuprint_JRC_Hemibrain_1point1	neuprint_JRC_Hemibrain_1point1	synapsed_to
1324365879	2068845394	1	neuprint_JRC_Hemibrain_1point1	neuprint_JRC_Hemibrain_1point1	synapsed_to
1324365879	2071245752	1	neuprint_JRC_Hemibrain_1point1	neuprint_JRC_Hemibrain_1point1	synapsed_to
1324365879	2071915317	1	neuprint_JRC_Hemibrain_1point1	neuprint_JRC_Hemibrain_1point1	synapsed_to
1324365879	2071958190	1	neuprint_JRC_Hemibrain_1point1	neuprint_JRC_Hemibrain_1point1	synapsed_to
1324365879	2101935380	1	neuprint_JRC_Hemibrain_1point1	neuprint_JRC_Hemibrain_1point1	synapsed_to
1324365879	2102285186	1	neuprint_JRC_Hemibrain_1point1	neuprint_JRC_Hemibrain_1point1	synapsed_to
1324365879	2102647985	1	neuprint_JRC_Hemibrain_1point1	neuprint_JRC_Hemibrain_1point1	synapsed_to
1324365879	2162969684	1	neuprint_JRC_Hemibrain_1point1	neuprint_JRC_Hemibrain_1point1	synapsed_to
1324365879	2219698263	1	neuprint_JRC_Hemibrain_1point1	neuprint_JRC_Hemibrain_1point1	synapsed_to
1324365879	2227097833	1	neuprint_JRC_Hemibrain_1point1	neuprint_JRC_Hemibrain_1point1	synapsed_to
1324365879	2251662029	1	neuprint_JRC_Hemibrain_1point1	neuprint_JRC_Hemibrain_1point1	synapsed_to
1324365879	5812982039	1	neuprint_JRC_Hemibrain_1point1	neuprint_JRC_Hemibrain_1point1	synapsed_to
1324365879	5812983561	1	neuprint_JRC_Hemibrain_1point1	neuprint_JRC_Hemibrain_1point1	synapsed_to
1324365879	5812986197	1	neuprint_JRC_Hemibrain_1point1	neuprint_JRC_Hemibrain_1point1	synapsed_to
1324365879	5812987090	1	neuprint_JRC_Hemibrain_1point1	neuprint_JRC_Hemibrain_1point1	synapsed_to
1324365879	5812988063	1	neuprint_JRC_Hemibrain_1point1	neuprint_JRC_Hemibrain_1point1	synapsed_to
1324365879	5812988568	1	neuprint_JRC_Hemibrain_1point1	neuprint_JRC_Hemibrain_1point1	synapsed_to
1324365879	5812988767	1	neuprint_JRC_Hemibrain_1point1	neuprint_JRC_Hemibrain_1point1	synapsed_to
1324365879	5812991151	1	neuprint_JRC_Hemibrain_1point1	neuprint_JRC_Hemibrain_1point1	synapsed_to
1324365879	5812995883	1	neuprint_JRC_Hemibrain_1point1	neuprint_JRC_Hemibrain_1point1	synapsed_to
1324365879	5812995899	1	neuprint_JRC_Hemibrain_1point1	neuprint_JRC_Hemibrain_1point1	synapsed_to
1324365879	5813016958	1	neuprint_JRC_Hemibrain_1point1	neuprint_JRC_Hemibrain_1point1	synapsed_to
1324365879	5813017315	1	neuprint_JRC_Hemibrain_1point1	neuprint_JRC_Hemibrain_1point1	synapsed_to
1324365879	5813021065	1	neuprint_JRC_Hemibrain_1point1	neuprint_JRC_Hemibrain_1point1	synapsed_to
1324365879	5813021093	1	neuprint_JRC_Hemibrain_1point1	neuprint_JRC_Hemibrain_1point1	synapsed_to
1324365879	5813021583	1	neuprint_JRC_Hemibrain_1point1	neuprint_JRC_Hemibrain_1point1	synapsed_to
1324365879	5813021637	1	neuprint_JRC_Hemibrain_1point1	neuprint_JRC_Hemibrain_1point1	synapsed_to
1324365879	5813022567	1	neuprint_JRC_Hemibrain_1point1	neuprint_JRC_Hemibrain_1point1	synapsed_to
1324365879	5813022764	1	neuprint_JRC_Hemibrain_1point1	neuprint_JRC_Hemibrain_1point1	synapsed_to
1324365879	5813022858	1	neuprint_JRC_Hemibrain_1point1	neuprint_JRC_Hemibrain_1point1	synapsed_to
1324365879	5813023015	1	neuprint_JRC_Hemibrain_1point1	neuprint_JRC_Hemibrain_1point1	synapsed_to
1324365879	5813023370	1	neuprint_JRC_Hemibrain_1point1	neuprint_JRC_Hemibrain_1point1	synapsed_to
1324365879	5813027132	1	neuprint_JRC_Hemibrain_1point1	neuprint_JRC_Hemibrain_1point1	synapsed_to
1324365879	5813031663	1	neuprint_JRC_Hemibrain_1point1	neuprint_JRC_Hemibrain_1point1	synapsed_to
1324365879	5813032849	1	neuprint_JRC_Hemibrain_1point1	neuprint_JRC_Hemibrain_1point1	synapsed_to
1324365879	5813033596	1	neuprint_JRC_Hemibrain_1point1	neuprint_JRC_Hemibrain_1point1	synapsed_to
1324365879	5813035694	1	neuprint_JRC_Hemibrain_1point1	neuprint_JRC_Hemibrain_1point1	synapsed_to
1324365879	5813037826	1	neuprint_JRC_Hemibrain_1point1	neuprint_JRC_Hemibrain_1point1	synapsed_to
1324365879	5813038030	1	neuprint_JRC_Hemibrain_1point1	neuprint_JRC_Hemibrain_1point1	synapsed_to
1324365879	5813038203	1	neuprint_JRC_Hemibrain_1point1	neuprint_JRC_Hemibrain_1point1	synapsed_to
1324365879	5813038232	1	neuprint_JRC_Hemibrain_1point1	neuprint_JRC_Hemibrain_1point1	synapsed_to
1324365879	5813038238	1	neuprint_JRC_Hemibrain_1point1	neuprint_JRC_Hemibrain_1point1	synapsed_to
1324365879	5813039148	1	neuprint_JRC_Hemibrain_1point1	neuprint_JRC_Hemibrain_1point1	synapsed_to
1324365879	5813040285	1	neuprint_JRC_Hemibrain_1point1	neuprint_JRC_Hemibrain_1point1	synapsed_to
1324365879	5813041323	1	neuprint_JRC_Hemibrain_1point1	neuprint_JRC_Hemibrain_1point1	synapsed_to
1324365879	5813041458	1	neuprint_JRC_Hemibrain_1point1	neuprint_JRC_Hemibrain_1point1	synapsed_to
1324365879	5813045760	1	neuprint_JRC_Hemibrain_1point1	neuprint_JRC_Hemibrain_1point1	synapsed_to
1324365879	5813047832	1	neuprint_JRC_Hemibrain_1point1	neuprint_JRC_Hemibrain_1point1	synapsed_to
1324365879	5813053728	1	neuprint_JRC_Hemibrain_1point1	neuprint_JRC_Hemibrain_1point1	synapsed_to
1324365879	5813053731	1	neuprint_JRC_Hemibrain_1point1	neuprint_JRC_Hemibrain_1point1	synapsed_to
1324365879	5813053863	1	neuprint_JRC_Hemibrain_1point1	neuprint_JRC_Hemibrain_1point1	synapsed_to
1324365879	5813053966	1	neuprint_JRC_Hemibrain_1point1	neuprint_JRC_Hemibrain_1point1	synapsed_to
1324365879	5813054053	1	neuprint_JRC_Hemibrain_1point1	neuprint_JRC_Hemibrain_1point1	synapsed_to
1324365879	5813054376	1	neuprint_JRC_Hemibrain_1point1	neuprint_JRC_Hemibrain_1point1	synapsed_to
1324365879	5813054961	1	neuprint_JRC_Hemibrain_1point1	neuprint_JRC_Hemibrain_1point1	synapsed_to
1324365879	5813054974	1	neuprint_JRC_Hemibrain_1point1	neuprint_JRC_Hemibrain_1point1	synapsed_to
1324365879	5813057606	1	neuprint_JRC_Hemibrain_1point1	neuprint_JRC_Hemibrain_1point1	synapsed_to
1324365879	5813061299	1	neuprint_JRC_Hemibrain_1point1	neuprint_JRC_Hemibrain_1point1	synapsed_to
1324365879	5813062009	1	neuprint_JRC_Hemibrain_1point1	neuprint_JRC_Hemibrain_1point1	synapsed_to
1324365879	5813063587	1	neuprint_JRC_Hemibrain_1point1	neuprint_JRC_Hemibrain_1point1	synapsed_to
1324365879	5813066748	1	neuprint_JRC_Hemibrain_1point1	neuprint_JRC_Hemibrain_1point1	synapsed_to
1324365879	5813067732	1	neuprint_JRC_Hemibrain_1point1	neuprint_JRC_Hemibrain_1point1	synapsed_to
1324365879	5813068801	1	neuprint_JRC_Hemibrain_1point1	neuprint_JRC_Hemibrain_1point1	synapsed_to
1324365879	5813070019	1	neuprint_JRC_Hemibrain_1point1	neuprint_JRC_Hemibrain_1point1	synapsed_to
1324365879	5813071292	1	neuprint_JRC_Hemibrain_1point1	neuprint_JRC_Hemibrain_1point1	synapsed_to
1324365879	5813088464	1	neuprint_JRC_Hemibrain_1point1	neuprint_JRC_Hemibrain_1point1	synapsed_to
1324365879	5813098975	1	neuprint_JRC_Hemibrain_1point1	neuprint_JRC_Hemibrain_1point1	synapsed_to
1324365879	5813110223	1	neuprint_JRC_Hemibrain_1point1	neuprint_JRC_Hemibrain_1point1	synapsed_to
1324365879	5901195292	1	neuprint_JRC_Hemibrain_1point1	neuprint_JRC_Hemibrain_1point1	synapsed_to
1324365879	5901218998	1	neuprint_JRC_Hemibrain_1point1	neuprint_JRC_Hemibrain_1point1	synapsed_to
1324365879	5901219012	1	neuprint_JRC_Hemibrain_1point1	neuprint_JRC_Hemibrain_1point1	synapsed_to
1324365879	7112617294	1	neuprint_JRC_Hemibrain_1point1	neuprint_JRC_Hemibrain_1point1	synapsed_to
297908801	328611004	26	neuprint_JRC_Hemibrain_1point1	neuprint_JRC_Hemibrain_1point1	synapsed_to
297908801	5813068669	24	neuprint_JRC_Hemibrain_1point1	neuprint_JRC_Hemibrain_1point1	synapsed_to
297908801	297251714	22	neuprint_JRC_Hemibrain_1point1	neuprint_JRC_Hemibrain_1point1	synapsed_to
297908801	299613271	18	neuprint_JRC_Hemibrain_1point1	neuprint_JRC_Hemibrain_1point1	synapsed_to
297908801	5813047713	18	neuprint_JRC_Hemibrain_1point1	neuprint_JRC_Hemibrain_1point1	synapsed_to
297908801	296543992	14	neuprint_JRC_Hemibrain_1point1	neuprint_JRC_Hemibrain_1point1	synapsed_to
297908801	298612190	13	neuprint_JRC_Hemibrain_1point1	neuprint_JRC_Hemibrain_1point1	synapsed_to
297908801	330268940	12	neuprint_JRC_Hemibrain_1point1	neuprint_JRC_Hemibrain_1point1	synapsed_to
297908801	5813111606	12	neuprint_JRC_Hemibrain_1point1	neuprint_JRC_Hemibrain_1point1	synapsed_to
297908801	298249624	11	neuprint_JRC_Hemibrain_1point1	neuprint_JRC_Hemibrain_1point1	synapsed_to
297908801	298258513	11	neuprint_JRC_Hemibrain_1point1	neuprint_JRC_Hemibrain_1point1	synapsed_to
297908801	298616761	11	neuprint_JRC_Hemibrain_1point1	neuprint_JRC_Hemibrain_1point1	synapsed_to
297908801	5813039860	11	neuprint_JRC_Hemibrain_1point1	neuprint_JRC_Hemibrain_1point1	synapsed_to
297908801	5813078542	11	neuprint_JRC_Hemibrain_1point1	neuprint_JRC_Hemibrain_1point1	synapsed_to
297908801	298616588	10	neuprint_JRC_Hemibrain_1point1	neuprint_JRC_Hemibrain_1point1	synapsed_to
297908801	298931773	10	neuprint_JRC_Hemibrain_1point1	neuprint_JRC_Hemibrain_1point1	synapsed_to
297908801	331011085	10	neuprint_JRC_Hemibrain_1point1	neuprint_JRC_Hemibrain_1point1	synapsed_to
297908801	5813020785	10	neuprint_JRC_Hemibrain_1point1	neuprint_JRC_Hemibrain_1point1	synapsed_to
297908801	5813026589	10	neuprint_JRC_Hemibrain_1point1	neuprint_JRC_Hemibrain_1point1	synapsed_to
297908801	263475451	9	neuprint_JRC_Hemibrain_1point1	neuprint_JRC_Hemibrain_1point1	synapsed_to
297908801	297519843	9	neuprint_JRC_Hemibrain_1point1	neuprint_JRC_Hemibrain_1point1	synapsed_to
297908801	297563270	9	neuprint_JRC_Hemibrain_1point1	neuprint_JRC_Hemibrain_1point1	synapsed_to
297908801	297912117	9	neuprint_JRC_Hemibrain_1point1	neuprint_JRC_Hemibrain_1point1	synapsed_to
297908801	328861282	9	neuprint_JRC_Hemibrain_1point1	neuprint_JRC_Hemibrain_1point1	synapsed_to
297908801	5813009445	9	neuprint_JRC_Hemibrain_1point1	neuprint_JRC_Hemibrain_1point1	synapsed_to
297908801	5813055768	9	neuprint_JRC_Hemibrain_1point1	neuprint_JRC_Hemibrain_1point1	synapsed_to
297908801	266191395	8	neuprint_JRC_Hemibrain_1point1	neuprint_JRC_Hemibrain_1point1	synapsed_to
297908801	266528078	8	neuprint_JRC_Hemibrain_1point1	neuprint_JRC_Hemibrain_1point1	synapsed_to
297908801	297519815	8	neuprint_JRC_Hemibrain_1point1	neuprint_JRC_Hemibrain_1point1	synapsed_to
297908801	297917475	8	neuprint_JRC_Hemibrain_1point1	neuprint_JRC_Hemibrain_1point1	synapsed_to
297908801	298258611	8	neuprint_JRC_Hemibrain_1point1	neuprint_JRC_Hemibrain_1point1	synapsed_to
297908801	328870472	8	neuprint_JRC_Hemibrain_1point1	neuprint_JRC_Hemibrain_1point1	synapsed_to
297908801	5813009497	8	neuprint_JRC_Hemibrain_1point1	neuprint_JRC_Hemibrain_1point1	synapsed_to
297908801	5813083733	8	neuprint_JRC_Hemibrain_1point1	neuprint_JRC_Hemibrain_1point1	synapsed_to
297908801	5901195498	8	neuprint_JRC_Hemibrain_1point1	neuprint_JRC_Hemibrain_1point1	synapsed_to
297908801	266187480	7	neuprint_JRC_Hemibrain_1point1	neuprint_JRC_Hemibrain_1point1	synapsed_to
297908801	295814565	7	neuprint_JRC_Hemibrain_1point1	neuprint_JRC_Hemibrain_1point1	synapsed_to
297908801	296139882	7	neuprint_JRC_Hemibrain_1point1	neuprint_JRC_Hemibrain_1point1	synapsed_to
297908801	297519736	7	neuprint_JRC_Hemibrain_1point1	neuprint_JRC_Hemibrain_1point1	synapsed_to
297908801	297851977	7	neuprint_JRC_Hemibrain_1point1	neuprint_JRC_Hemibrain_1point1	synapsed_to
297908801	298214577	7	neuprint_JRC_Hemibrain_1point1	neuprint_JRC_Hemibrain_1point1	synapsed_to
297908801	298245502	7	neuprint_JRC_Hemibrain_1point1	neuprint_JRC_Hemibrain_1point1	synapsed_to
297908801	298927224	7	neuprint_JRC_Hemibrain_1point1	neuprint_JRC_Hemibrain_1point1	synapsed_to
297908801	299954299	7	neuprint_JRC_Hemibrain_1point1	neuprint_JRC_Hemibrain_1point1	synapsed_to
297908801	327937328	7	neuprint_JRC_Hemibrain_1point1	neuprint_JRC_Hemibrain_1point1	synapsed_to
297908801	328546621	7	neuprint_JRC_Hemibrain_1point1	neuprint_JRC_Hemibrain_1point1	synapsed_to
297908801	329215304	7	neuprint_JRC_Hemibrain_1point1	neuprint_JRC_Hemibrain_1point1	synapsed_to
297908801	330640381	7	neuprint_JRC_Hemibrain_1point1	neuprint_JRC_Hemibrain_1point1	synapsed_to
297908801	5813057169	7	neuprint_JRC_Hemibrain_1point1	neuprint_JRC_Hemibrain_1point1	synapsed_to
297908801	5813075824	7	neuprint_JRC_Hemibrain_1point1	neuprint_JRC_Hemibrain_1point1	synapsed_to
297908801	267223027	6	neuprint_JRC_Hemibrain_1point1	neuprint_JRC_Hemibrain_1point1	synapsed_to
297908801	295802733	6	neuprint_JRC_Hemibrain_1point1	neuprint_JRC_Hemibrain_1point1	synapsed_to
297908801	296155122	6	neuprint_JRC_Hemibrain_1point1	neuprint_JRC_Hemibrain_1point1	synapsed_to
297908801	296838229	6	neuprint_JRC_Hemibrain_1point1	neuprint_JRC_Hemibrain_1point1	synapsed_to
297908801	296868077	6	neuprint_JRC_Hemibrain_1point1	neuprint_JRC_Hemibrain_1point1	synapsed_to
297908801	297230760	6	neuprint_JRC_Hemibrain_1point1	neuprint_JRC_Hemibrain_1point1	synapsed_to
297908801	297528741	6	neuprint_JRC_Hemibrain_1point1	neuprint_JRC_Hemibrain_1point1	synapsed_to
297908801	297860627	6	neuprint_JRC_Hemibrain_1point1	neuprint_JRC_Hemibrain_1point1	synapsed_to
297908801	297899921	6	neuprint_JRC_Hemibrain_1point1	neuprint_JRC_Hemibrain_1point1	synapsed_to
297908801	297917474	6	neuprint_JRC_Hemibrain_1point1	neuprint_JRC_Hemibrain_1point1	synapsed_to
297908801	298250090	6	neuprint_JRC_Hemibrain_1point1	neuprint_JRC_Hemibrain_1point1	synapsed_to
297908801	298254384	6	neuprint_JRC_Hemibrain_1point1	neuprint_JRC_Hemibrain_1point1	synapsed_to
297908801	298258714	6	neuprint_JRC_Hemibrain_1point1	neuprint_JRC_Hemibrain_1point1	synapsed_to
297908801	298542439	6	neuprint_JRC_Hemibrain_1point1	neuprint_JRC_Hemibrain_1point1	synapsed_to
297908801	299604675	6	neuprint_JRC_Hemibrain_1point1	neuprint_JRC_Hemibrain_1point1	synapsed_to
297908801	327509674	6	neuprint_JRC_Hemibrain_1point1	neuprint_JRC_Hemibrain_1point1	synapsed_to
297908801	328213227	6	neuprint_JRC_Hemibrain_1point1	neuprint_JRC_Hemibrain_1point1	synapsed_to
297908801	328265281	6	neuprint_JRC_Hemibrain_1point1	neuprint_JRC_Hemibrain_1point1	synapsed_to
297908801	329578247	6	neuprint_JRC_Hemibrain_1point1	neuprint_JRC_Hemibrain_1point1	synapsed_to
297908801	360315461	6	neuprint_JRC_Hemibrain_1point1	neuprint_JRC_Hemibrain_1point1	synapsed_to
297908801	390003153	6	neuprint_JRC_Hemibrain_1point1	neuprint_JRC_Hemibrain_1point1	synapsed_to
297908801	946308203	6	neuprint_JRC_Hemibrain_1point1	neuprint_JRC_Hemibrain_1point1	synapsed_to
297908801	5812979942	6	neuprint_JRC_Hemibrain_1point1	neuprint_JRC_Hemibrain_1point1	synapsed_to
297908801	5813008934	6	neuprint_JRC_Hemibrain_1point1	neuprint_JRC_Hemibrain_1point1	synapsed_to
297908801	5813009500	6	neuprint_JRC_Hemibrain_1point1	neuprint_JRC_Hemibrain_1point1	synapsed_to
297908801	5813019487	6	neuprint_JRC_Hemibrain_1point1	neuprint_JRC_Hemibrain_1point1	synapsed_to
297908801	5813046991	6	neuprint_JRC_Hemibrain_1point1	neuprint_JRC_Hemibrain_1point1	synapsed_to
297908801	5813068729	6	neuprint_JRC_Hemibrain_1point1	neuprint_JRC_Hemibrain_1point1	synapsed_to
297908801	5813069498	6	neuprint_JRC_Hemibrain_1point1	neuprint_JRC_Hemibrain_1point1	synapsed_to
297908801	266187477	5	neuprint_JRC_Hemibrain_1point1	neuprint_JRC_Hemibrain_1point1	synapsed_to
297908801	266536576	5	neuprint_JRC_Hemibrain_1point1	neuprint_JRC_Hemibrain_1point1	synapsed_to
297908801	296544262	5	neuprint_JRC_Hemibrain_1point1	neuprint_JRC_Hemibrain_1point1	synapsed_to
297908801	297166053	5	neuprint_JRC_Hemibrain_1point1	neuprint_JRC_Hemibrain_1point1	synapsed_to
297908801	297178509	5	neuprint_JRC_Hemibrain_1point1	neuprint_JRC_Hemibrain_1point1	synapsed_to
297908801	297524212	5	neuprint_JRC_Hemibrain_1point1	neuprint_JRC_Hemibrain_1point1	synapsed_to
297908801	297563139	5	neuprint_JRC_Hemibrain_1point1	neuprint_JRC_Hemibrain_1point1	synapsed_to
297908801	298254380	5	neuprint_JRC_Hemibrain_1point1	neuprint_JRC_Hemibrain_1point1	synapsed_to
297908801	298595394	5	neuprint_JRC_Hemibrain_1point1	neuprint_JRC_Hemibrain_1point1	synapsed_to
297908801	298936099	5	neuprint_JRC_Hemibrain_1point1	neuprint_JRC_Hemibrain_1point1	synapsed_to
297908801	299613480	5	neuprint_JRC_Hemibrain_1point1	neuprint_JRC_Hemibrain_1point1	synapsed_to
297908801	327519295	5	neuprint_JRC_Hemibrain_1point1	neuprint_JRC_Hemibrain_1point1	synapsed_to
297908801	328209735	5	neuprint_JRC_Hemibrain_1point1	neuprint_JRC_Hemibrain_1point1	synapsed_to
297908801	328265389	5	neuprint_JRC_Hemibrain_1point1	neuprint_JRC_Hemibrain_1point1	synapsed_to
297908801	328270395	5	neuprint_JRC_Hemibrain_1point1	neuprint_JRC_Hemibrain_1point1	synapsed_to
297908801	328559607	5	neuprint_JRC_Hemibrain_1point1	neuprint_JRC_Hemibrain_1point1	synapsed_to
297908801	328860948	5	neuprint_JRC_Hemibrain_1point1	neuprint_JRC_Hemibrain_1point1	synapsed_to
297908801	330661573	5	neuprint_JRC_Hemibrain_1point1	neuprint_JRC_Hemibrain_1point1	synapsed_to
297908801	330989587	5	neuprint_JRC_Hemibrain_1point1	neuprint_JRC_Hemibrain_1point1	synapsed_to
297908801	360310976	5	neuprint_JRC_Hemibrain_1point1	neuprint_JRC_Hemibrain_1point1	synapsed_to
297908801	392368893	5	neuprint_JRC_Hemibrain_1point1	neuprint_JRC_Hemibrain_1point1	synapsed_to
297908801	449209892	5	neuprint_JRC_Hemibrain_1point1	neuprint_JRC_Hemibrain_1point1	synapsed_to
297908801	5813009492	5	neuprint_JRC_Hemibrain_1point1	neuprint_JRC_Hemibrain_1point1	synapsed_to
297908801	5813019517	5	neuprint_JRC_Hemibrain_1point1	neuprint_JRC_Hemibrain_1point1	synapsed_to
297908801	5813019526	5	neuprint_JRC_Hemibrain_1point1	neuprint_JRC_Hemibrain_1point1	synapsed_to
297908801	5813019588	5	neuprint_JRC_Hemibrain_1point1	neuprint_JRC_Hemibrain_1point1	synapsed_to
297908801	5813020840	5	neuprint_JRC_Hemibrain_1point1	neuprint_JRC_Hemibrain_1point1	synapsed_to
297908801	5813050758	5	neuprint_JRC_Hemibrain_1point1	neuprint_JRC_Hemibrain_1point1	synapsed_to
297908801	5813055834	5	neuprint_JRC_Hemibrain_1point1	neuprint_JRC_Hemibrain_1point1	synapsed_to
297908801	5813055862	5	neuprint_JRC_Hemibrain_1point1	neuprint_JRC_Hemibrain_1point1	synapsed_to
297908801	5813062772	5	neuprint_JRC_Hemibrain_1point1	neuprint_JRC_Hemibrain_1point1	synapsed_to
297908801	5813087454	5	neuprint_JRC_Hemibrain_1point1	neuprint_JRC_Hemibrain_1point1	synapsed_to
297908801	266187383	4	neuprint_JRC_Hemibrain_1point1	neuprint_JRC_Hemibrain_1point1	synapsed_to
297908801	266528044	4	neuprint_JRC_Hemibrain_1point1	neuprint_JRC_Hemibrain_1point1	synapsed_to
297908801	266873389	4	neuprint_JRC_Hemibrain_1point1	neuprint_JRC_Hemibrain_1point1	synapsed_to
297908801	267559575	4	neuprint_JRC_Hemibrain_1point1	neuprint_JRC_Hemibrain_1point1	synapsed_to
297908801	267896360	4	neuprint_JRC_Hemibrain_1point1	neuprint_JRC_Hemibrain_1point1	synapsed_to
297908801	294436967	4	neuprint_JRC_Hemibrain_1point1	neuprint_JRC_Hemibrain_1point1	synapsed_to
297908801	296829531	4	neuprint_JRC_Hemibrain_1point1	neuprint_JRC_Hemibrain_1point1	synapsed_to
297908801	296837846	4	neuprint_JRC_Hemibrain_1point1	neuprint_JRC_Hemibrain_1point1	synapsed_to
297908801	297498027	4	neuprint_JRC_Hemibrain_1point1	neuprint_JRC_Hemibrain_1point1	synapsed_to
297908801	297519807	4	neuprint_JRC_Hemibrain_1point1	neuprint_JRC_Hemibrain_1point1	synapsed_to
297908801	297533212	4	neuprint_JRC_Hemibrain_1point1	neuprint_JRC_Hemibrain_1point1	synapsed_to
297908801	298254474	4	neuprint_JRC_Hemibrain_1point1	neuprint_JRC_Hemibrain_1point1	synapsed_to
297908801	298586553	4	neuprint_JRC_Hemibrain_1point1	neuprint_JRC_Hemibrain_1point1	synapsed_to
297908801	299267723	4	neuprint_JRC_Hemibrain_1point1	neuprint_JRC_Hemibrain_1point1	synapsed_to
297908801	299289811	4	neuprint_JRC_Hemibrain_1point1	neuprint_JRC_Hemibrain_1point1	synapsed_to
297908801	327246931	4	neuprint_JRC_Hemibrain_1point1	neuprint_JRC_Hemibrain_1point1	synapsed_to
297908801	327881747	4	neuprint_JRC_Hemibrain_1point1	neuprint_JRC_Hemibrain_1point1	synapsed_to
297908801	327937494	4	neuprint_JRC_Hemibrain_1point1	neuprint_JRC_Hemibrain_1point1	synapsed_to
297908801	328253133	4	neuprint_JRC_Hemibrain_1point1	neuprint_JRC_Hemibrain_1point1	synapsed_to
297908801	328546871	4	neuprint_JRC_Hemibrain_1point1	neuprint_JRC_Hemibrain_1point1	synapsed_to
297908801	328593903	4	neuprint_JRC_Hemibrain_1point1	neuprint_JRC_Hemibrain_1point1	synapsed_to
297908801	328887977	4	neuprint_JRC_Hemibrain_1point1	neuprint_JRC_Hemibrain_1point1	synapsed_to
297908801	328930845	4	neuprint_JRC_Hemibrain_1point1	neuprint_JRC_Hemibrain_1point1	synapsed_to
297908801	329254286	4	neuprint_JRC_Hemibrain_1point1	neuprint_JRC_Hemibrain_1point1	synapsed_to
297908801	329646990	4	neuprint_JRC_Hemibrain_1point1	neuprint_JRC_Hemibrain_1point1	synapsed_to
297908801	330259272	4	neuprint_JRC_Hemibrain_1point1	neuprint_JRC_Hemibrain_1point1	synapsed_to
297908801	358613806	4	neuprint_JRC_Hemibrain_1point1	neuprint_JRC_Hemibrain_1point1	synapsed_to
297908801	359637824	4	neuprint_JRC_Hemibrain_1point1	neuprint_JRC_Hemibrain_1point1	synapsed_to
297908801	359974171	4	neuprint_JRC_Hemibrain_1point1	neuprint_JRC_Hemibrain_1point1	synapsed_to
297908801	360242173	4	neuprint_JRC_Hemibrain_1point1	neuprint_JRC_Hemibrain_1point1	synapsed_to
297908801	362041442	4	neuprint_JRC_Hemibrain_1point1	neuprint_JRC_Hemibrain_1point1	synapsed_to
297908801	388924424	4	neuprint_JRC_Hemibrain_1point1	neuprint_JRC_Hemibrain_1point1	synapsed_to
297908801	389247395	4	neuprint_JRC_Hemibrain_1point1	neuprint_JRC_Hemibrain_1point1	synapsed_to
297908801	422751191	4	neuprint_JRC_Hemibrain_1point1	neuprint_JRC_Hemibrain_1point1	synapsed_to
297908801	515813661	4	neuprint_JRC_Hemibrain_1point1	neuprint_JRC_Hemibrain_1point1	synapsed_to
297908801	517587356	4	neuprint_JRC_Hemibrain_1point1	neuprint_JRC_Hemibrain_1point1	synapsed_to
297908801	580192148	4	neuprint_JRC_Hemibrain_1point1	neuprint_JRC_Hemibrain_1point1	synapsed_to
297908801	1110972158	4	neuprint_JRC_Hemibrain_1point1	neuprint_JRC_Hemibrain_1point1	synapsed_to
297908801	5812980567	4	neuprint_JRC_Hemibrain_1point1	neuprint_JRC_Hemibrain_1point1	synapsed_to
297908801	5812980742	4	neuprint_JRC_Hemibrain_1point1	neuprint_JRC_Hemibrain_1point1	synapsed_to
297908801	5813010120	4	neuprint_JRC_Hemibrain_1point1	neuprint_JRC_Hemibrain_1point1	synapsed_to
297908801	5813010121	4	neuprint_JRC_Hemibrain_1point1	neuprint_JRC_Hemibrain_1point1	synapsed_to
297908801	5813010748	4	neuprint_JRC_Hemibrain_1point1	neuprint_JRC_Hemibrain_1point1	synapsed_to
297908801	5813020676	4	neuprint_JRC_Hemibrain_1point1	neuprint_JRC_Hemibrain_1point1	synapsed_to
297908801	5813021238	4	neuprint_JRC_Hemibrain_1point1	neuprint_JRC_Hemibrain_1point1	synapsed_to
297908801	5813040707	4	neuprint_JRC_Hemibrain_1point1	neuprint_JRC_Hemibrain_1point1	synapsed_to
297908801	5813063216	4	neuprint_JRC_Hemibrain_1point1	neuprint_JRC_Hemibrain_1point1	synapsed_to
297908801	5813078300	4	neuprint_JRC_Hemibrain_1point1	neuprint_JRC_Hemibrain_1point1	synapsed_to
297908801	5813088801	4	neuprint_JRC_Hemibrain_1point1	neuprint_JRC_Hemibrain_1point1	synapsed_to
297908801	266187342	3	neuprint_JRC_Hemibrain_1point1	neuprint_JRC_Hemibrain_1point1	synapsed_to
297908801	266187532	3	neuprint_JRC_Hemibrain_1point1	neuprint_JRC_Hemibrain_1point1	synapsed_to
297908801	266528086	3	neuprint_JRC_Hemibrain_1point1	neuprint_JRC_Hemibrain_1point1	synapsed_to
297908801	266873591	3	neuprint_JRC_Hemibrain_1point1	neuprint_JRC_Hemibrain_1point1	synapsed_to
297908801	267559665	3	neuprint_JRC_Hemibrain_1point1	neuprint_JRC_Hemibrain_1point1	synapsed_to
297908801	267564140	3	neuprint_JRC_Hemibrain_1point1	neuprint_JRC_Hemibrain_1point1	synapsed_to
297908801	294774792	3	neuprint_JRC_Hemibrain_1point1	neuprint_JRC_Hemibrain_1point1	synapsed_to
297908801	296544364	3	neuprint_JRC_Hemibrain_1point1	neuprint_JRC_Hemibrain_1point1	synapsed_to
297908801	296842335	3	neuprint_JRC_Hemibrain_1point1	neuprint_JRC_Hemibrain_1point1	synapsed_to
297908801	296846109	3	neuprint_JRC_Hemibrain_1point1	neuprint_JRC_Hemibrain_1point1	synapsed_to
297908801	297502392	3	neuprint_JRC_Hemibrain_1point1	neuprint_JRC_Hemibrain_1point1	synapsed_to
297908801	297520036	3	neuprint_JRC_Hemibrain_1point1	neuprint_JRC_Hemibrain_1point1	synapsed_to
297908801	297580589	3	neuprint_JRC_Hemibrain_1point1	neuprint_JRC_Hemibrain_1point1	synapsed_to
297908801	297588995	3	neuprint_JRC_Hemibrain_1point1	neuprint_JRC_Hemibrain_1point1	synapsed_to
297908801	297917363	3	neuprint_JRC_Hemibrain_1point1	neuprint_JRC_Hemibrain_1point1	synapsed_to
297908801	297921808	3	neuprint_JRC_Hemibrain_1point1	neuprint_JRC_Hemibrain_1point1	synapsed_to
297908801	297925608	3	neuprint_JRC_Hemibrain_1point1	neuprint_JRC_Hemibrain_1point1	synapsed_to
297908801	298245448	3	neuprint_JRC_Hemibrain_1point1	neuprint_JRC_Hemibrain_1point1	synapsed_to
297908801	298258134	3	neuprint_JRC_Hemibrain_1point1	neuprint_JRC_Hemibrain_1point1	synapsed_to
297908801	298547436	3	neuprint_JRC_Hemibrain_1point1	neuprint_JRC_Hemibrain_1point1	synapsed_to
297908801	298927362	3	neuprint_JRC_Hemibrain_1point1	neuprint_JRC_Hemibrain_1point1	synapsed_to
297908801	298935146	3	neuprint_JRC_Hemibrain_1point1	neuprint_JRC_Hemibrain_1point1	synapsed_to
297908801	298957344	3	neuprint_JRC_Hemibrain_1point1	neuprint_JRC_Hemibrain_1point1	synapsed_to
297908801	299617872	3	neuprint_JRC_Hemibrain_1point1	neuprint_JRC_Hemibrain_1point1	synapsed_to
297908801	299621755	3	neuprint_JRC_Hemibrain_1point1	neuprint_JRC_Hemibrain_1point1	synapsed_to
297908801	299958695	3	neuprint_JRC_Hemibrain_1point1	neuprint_JRC_Hemibrain_1point1	synapsed_to
297908801	300972942	3	neuprint_JRC_Hemibrain_1point1	neuprint_JRC_Hemibrain_1point1	synapsed_to
297908801	326474963	3	neuprint_JRC_Hemibrain_1point1	neuprint_JRC_Hemibrain_1point1	synapsed_to
297908801	326888433	3	neuprint_JRC_Hemibrain_1point1	neuprint_JRC_Hemibrain_1point1	synapsed_to
297908801	326888675	3	neuprint_JRC_Hemibrain_1point1	neuprint_JRC_Hemibrain_1point1	synapsed_to
297908801	327203386	3	neuprint_JRC_Hemibrain_1point1	neuprint_JRC_Hemibrain_1point1	synapsed_to
297908801	327499164	3	neuprint_JRC_Hemibrain_1point1	neuprint_JRC_Hemibrain_1point1	synapsed_to
297908801	327933008	3	neuprint_JRC_Hemibrain_1point1	neuprint_JRC_Hemibrain_1point1	synapsed_to